Категория,Бренд,Название,Цена (руб),Рейтинг,Кол-во отзывов
креатин,PWR ultimate power,Креатин моногидрат порошок creatine 300 г,614,4.9,76823
креатин,DER BAUM IST GOLDEN,Креатин моногидрат порошок,1391,4.9,18115
креатин,Prime Kraft,"Креатин моногидрат Creatine Monohydrate, без вкуса 200 гр",527,4.9,41922
креатин,BIOVIN,"Креатин моногидрат порошок 300г,бад,creatine monohydrate",363,4.9,102238
креатин,GreenSanTe,Креатин моногидрат GST 300гр премиум,800,4.8,4870
креатин,BIGSNT,Креатин моногидрат порошок,559,4.8,24211
креатин,GreenSanTe,Креатин моногидрат GST 300гр Малина,873,4.8,4870
креатин,BIOVIN,"Креатин моногидрат порошок, спортивное питание creatine 300г",575,4.9,102238
креатин,PWR ultimate power,Креатин моногидрат порошок 300г creatine,684,4.9,76823
креатин,Richway,Креатин моногидрат порошок микронизированный,262,4.8,673
креатин,Prime Kraft,"Креатин Creatine Monohydrate 100% Pure (без вкуса), 500 гр",1121,4.9,4314
креатин,HealthIs,Креатин моногидрат порошок микронизированный creatine,553,4.9,585069
креатин,PWR ultimate power,Креатин моногидрат порошок 300г creatine,778,4.9,76823
креатин,Reckful,"Креатин моногидрат порошок без вкуса, Creatine Monohydrate",1702,5.0,1058
креатин,Prime Kraft,"Креатин Creatine Monohydrate, Ананас 200 гр",608,4.9,14112
креатин,Prime Kraft,"Креатин моногидрат микронизированный, фруктовый пунш 200 гр",583,4.8,4401
креатин,1WIN,Спеццена 1+1 креатин моногидрат количество ограничено. Дата…,491,4.9,20278
креатин,vitmins,"Креатин моногидрат порошок creatine 300 г, апельсин",293,4.9,4896
креатин,Миофарм,"Креатин моногидрат порошок 1 кг, микронизированный сreatine",1185,4.8,10739
креатин,1WIN,Креатин 60 порций моногидрат чистый микронизированный порошо…,882,4.9,20278
креатин,1WIN,"Креатин моногидрат чистый микронизированный, набор",1029,4.9,20278
креатин,Do4a Lab,"Креатин моногидрат порошок Creatine, без вкуса, 450 г",569,4.8,42229
креатин,Prime Kraft,"Креатин Creatine Monohydrate, Вишня 200 гр",608,4.9,11705
креатин,Миофарм,"Креатин моногидрат порошок 300 г, микронизированный сreatine",451,4.8,10739
креатин,Prime Kraft,"Креатин Creatine Monohydrate, Энергетик 200 гр",615,4.8,4576
креатин,Prime Kraft,"Креатин Creatine Monohydrate, Цитрусовый микс 200 гр",608,4.9,7107
креатин,Prime Kraft,"Креатин моногидрат, жевательные таблетки «Малина», 30 порций",870,5.0,7
креатин,Миофарм,"Креатин моногидрат порошок 750 г, микронизированный сreatine",854,4.8,10739
креатин,PWR ultimate power,Креатин моногидрат порошок 1 кг creatine,1864,4.9,76823
креатин,Prime Kraft,"Креатин Creatine Monohydrate, Кола 200 гр",652,4.8,3422
креатин,Do4a Lab,"Креатин моногидрат порошок Creatine, без вкуса, 900 г",1001,4.8,42229
креатин,Prime Kraft,"Креатин моногидрат, жевательные таблетки «Апельсин», 30 порц…",870,5.0,4
креатин,vitmins,Креатин моногидрат порошок creatine 300 г,361,4.9,4896
креатин,1WIN,"Креатин моногидрат чистый микронизированный, без добавок",241,4.8,23896
креатин,HealthIs,Креатин моногидрат со вкусом клубники порошок микронизирован…,584,4.9,85409
креатин,PWR ultimate power,Креатин моногидрат порошок 300г creatine,692,4.9,76823
креатин,Kevin Levrone,Креатин Голд Кевин Леврон Creatine Gold 300 гр,1843,4.8,470
креатин,BIGSNT,Креатин моногидрат мармелад,1312,4.7,44330
креатин,maxler,Макслер 100% Голден Креатин Maxler 100% Golden Creatine поро…,1347,5.0,1
креатин,BIOVIN,"Спортпитание Креатин моногидрат порошок 300г,creatine",342,4.9,102238
креатин,PWR ultimate power,Креатин моногидрат в капсулах,567,4.9,76823
креатин,SOLAB,Креатин моногидрат порошок,566,4.9,13425
креатин,BIOVIN,"Креатин моногидрат порошок 300г,бад,creatine monohydrate",363,4.9,102238
креатин,BIOVIN,"Креатин в порошке 300 гр, с таурином",363,4.9,102238
креатин,VitaMeal,Креатин моногидрат Creatine порошок,1167,4.9,30649
креатин,VitaMeal,Креатин моногидрат порошок Creatine,661,4.9,30649
креатин,Optimum System,Креатин моногидрат порошок Creatine спортивное питание 300гр,1634,4.9,315
креатин,SOLAB,Креатин моногидрат порошок 60 порций,893,4.9,3662
креатин,SOLAB,Креатин моногидрат набор из 3 шт,1335,4.9,3662
креатин,1WIN,Спеццена 1+1 креатин моногидрат только 5 дней. Дата изготовл…,583,4.8,23896
креатин,1WIN,"Креатин моногидрат чистый микронизированный, 90 порций 600гр",1165,4.8,23896
креатин,Prime Kraft,"Креатин Creatine Monohydrate Pineapple (ананас), 500 гр",1150,4.9,1450
креатин,Prime Kraft,"Креатин Creatine Monohydrate, Вишня 500 гр",1150,4.8,1285
креатин,Do4a Lab,"Креатин моногидрат порошок Creatine, без вкуса, 200 г",423,4.8,42229
креатин,SOLAB,Креатин моногидрат порошок 60 порций,941,4.9,13425
креатин,VitaMeal,Креатин моногидрат Creatine порошок,708,4.9,30649
креатин,Da Misha,Креатин Моногидрат Мармелад 5000 мг,1069,5.0,16
креатин,Reckful,Креатин моногидрат порошок без вкуса Creatine Monohydrate,1227,4.9,1338
креатин,1WIN,"Креатин моногидрат чистый микронизированный, без добавок",536,4.9,20278
креатин,SOLAB,Креатин моногидрат порошок 40 порций без вкуса,506,4.9,3662
креатин,BIOVIN,Креатин моногидрат порошок 150 грамм creatine monohydrate,209,4.9,102238
креатин,BIOVIN,"Креатин в порошке 300 грамм, вкус колы",363,4.9,102238
креатин,VitaMeal,Креатин моногидрат Creatine порошок,708,4.9,30649
креатин,Prime Kraft,"Креатин Creatine Monohydrate, Цитрусовый микс 500 гр",1150,4.9,951
креатин,,"Макслер Креатин 1000 Maxler Creatine 1000 капсулы по 1,01 г…",1724,0.0,0
креатин,BIGSNT,Креатин моногидрат порошок,736,4.8,24211
креатин,BULK SUPPLEMENTS,Спортпит Креатин моногидрат 250 г,1109,5.0,3
креатин,HealthIs,Креатин моногидрат в капсулах,401,4.9,131024
креатин,maxler,Макслер Микронизированный Креатин Моногидрат 200 капсул,2812,4.9,155
креатин,BIOCORD,Креатин Моногидрат 300г для роста мышц,354,4.8,265
креатин,BIOVIN,"Креатин моногидрат в порошке, creatine monohydrate,150 грамм",244,4.9,102238
креатин,BIOVIN,"Креатин в порошке 300 грамм, вкус клубника",363,4.9,102238
креатин,1WIN,Креатин моногидрат микронизированный порошок,987,4.8,23896
креатин,Prime Kraft,"Креатин Creatine Monohydrate, фруктовый пунш, 500 гр",1165,0.0,0
креатин,BIOVIN,"Креатин моногидрат 300 грамм, creatine monohydrate спортпит",363,4.9,102238
креатин,Sunshine Nutrition,Креатин моногидрат порошок Creatine,386,5.0,206
креатин,Be First,Микронизированный креатин моногидрат порошок 300 грамм,1666,4.9,79
креатин,Prime Kraft,"Креатин Creatine Monohydrate Энергетик, 500 гр",1165,0.0,0
креатин,SOLAB,3 шт Креатин моногидрат порошок без вкуса,1193,4.9,3662
креатин,SOLAB,Креатин моногидрат порошок без вкуса,519,4.9,3662
креатин,Be First,Креатин моногидрат в капсулах Creatine Спортивное питание,1051,4.9,240
креатин,Prime Kraft,"Креатин Creatine Monohydrate Кола, 500 гр",1165,5.0,3
креатин,BIOCORD,Креатин Моногидрат со вкусом апельсина 300г,339,4.8,265
креатин,BIGSNT,Креатин моногидрат порошок,466,4.7,44330
креатин,Creatins Gear,"Креатин моногидрат с бетаином ""Гранат"", 225 г",3096,0.0,0
креатин,Reckful,Креатин моногидрат порошок со вкусом Creatine Monohydrate,1227,4.9,1185
креатин,SIBERIAN NUTROGUNZ,"Креатин моногидрат, 450г",864,4.9,24
креатин,Biolab,Креатин моногидрат порошок creatine 200 г,361,4.8,148
креатин,LeafToGo,Креатин моногидрат порошок creatine 280г,552,4.9,828
креатин,VitaMeal,Креатин моногидрат Creatine порошок,708,4.9,30649
креатин,GraceBioQ,Креатин моногидрат капсулы,398,4.9,28887
креатин,VitaMeal,Креатин моногидрат Creatine порошок,708,4.9,30649
креатин,Be First,Микронизированный креатин моногидрат вкус яблоко 300 грамм,1706,5.0,29
креатин,Be First,Микронизированный креатин моногидрат порошок 200 грамм,1294,4.7,28
креатин,VIS MEDICUS,Креатин моногидрат предтренировочный,776,5.0,14
креатин,YM naturally,Креатин моногидрат в капсулах 3000 мг,772,4.9,163
креатин,IRON SYSTEM,Креатин порошок моногидрат 200 гр,218,4.8,469
креатин,BODYBUY,Креатин моногидрат,1053,5.0,24
креатин,DER BAUM IST GOLDEN,Креатин моногидрат порошок,1433,4.9,18115
креатин,Kevin Levrone,Креатин моногидрат Gold Creatine 300gr грамм,1676,4.9,161
креатин,Kevin Levrone,Креатин моногидрат Levro Mono Кевин Леврон 300 г 60 порций,1688,4.8,510
креатин,Reckful,Креатин моногидрат порошок со вкусом Creatine Monohydrate,1227,4.9,982
креатин,Mister Prot,Креатин моногидрат порошок без вкуса 500 гр,813,4.9,1181
креатин,BIOVIN,"Спортпитание Креатин моногидрат порошок 700г,creatine",826,4.9,102238
креатин,Dorian Yates Nutrition,Креатин моногидрат DY Nutrition Dorian Yates 150 г 30 порций,1281,4.8,510
креатин,aTech nutrition,Креатин Моногидрат порошок 180гр Creatine 5000 мг,562,4.8,1585
креатин,R-line,Креатин моногидрат порошок в капсулах creatine 200 шт,813,4.8,3101
креатин,R-line,"Креатин моногидрат RLine, 200 г, порошок",786,4.7,1030
креатин,Optimum Nutrition,Креатин моногидрат 2500 мг 200 капсул Monohydrate Creatine,1572,0.0,0
креатин,KultLab,"Креатин моногидрат порошок, creatine monohydrate",956,4.8,18
креатин,YM naturally,Креатин моногидрат 3000 мг 120 капсул,735,4.9,318
креатин,TRIPLE H,Креатин моногидрат порошок Трипл Н,2200,4.9,60
креатин,,Креатин гейнер для набора массы,778,5.0,103
креатин,BioTechUSA,Креатин моногидрат 100% Creatine Monohydrate 300 г,4008,4.8,395
креатин,maxler,Макслер 100% Креатин Моногидрат 300г,2121,4.8,1041
креатин,PWR ultimate power,Креатин моногидрат в капсулах,793,4.9,76823
креатин,VitaMeal,Креатин моногидрат в капсулах,792,4.9,30649
креатин,Kevin Levrone,Креатин моногидрат 300гр Anabolic,1492,4.9,336
креатин,NOW,"Креатин моногидрат порошок, 227 грамм",1974,5.0,7
креатин,1WIN,Спеццена 1+1 креатин моногидрат только 5 дней. Дата изготовл…,581,4.8,23896
креатин,Kevin Levrone,Креатин моногидрат Anabolic Creatine 300 грамм 60 порций,940,4.8,1441
креатин,BIGSNT,Креатин моногидрат порошок,640,4.8,24211
креатин,Kevin Levrone,Креатин моногидрат со вкусом Кевин Леврон Gold Creatine,1834,4.8,510
креатин,DER BAUM IST GOLDEN,Креатин моногидрат порошок,1391,4.9,18115
креатин,BIOVIN,"Креатин моногидрат 700 грамм, creatine monohydrate спортпит",861,4.9,102238
креатин,maxler,Микронизированный креатин моногидрат 100% Golden Creatine,1643,4.9,268
креатин,Kevin Levrone,Креатин моногидрат со вкусом Кевин Леврон Gold Creatine,1834,4.8,510
креатин,SIBERIAN NUTROGUNZ,"Креатин моногидрат, 200 г",459,4.9,29
креатин,ADD ME,"Креатин моногидрат со вкусом клубники, порошок 300 гр",914,4.9,39
креатин,VitaMeal,Креатин Creatine bcaa капсулы комплекс,1040,4.9,58692
креатин,NOW,Креатин Кре-Алкалин Нау Фудс 120 капсул,1973,5.0,3
креатин,maxler,Микронизированный креатин моногидрат 100% Golden Creatine,3662,4.9,1026
креатин,Be First,Микронизированный креатин моногидрат порошок 300 гр малина,1747,4.9,81
креатин,Be First,Три креатин малат в порошке TCM Tri-Creatine Malate 100 гр,1100,4.9,23
креатин,do eco,Креатин моногидрат с глютамином 240 к подарок на 23 февраля,697,4.9,168
креатин,,Креатин моногидрат порошок 550г Creatine Олимп,3339,4.8,510
креатин,BINERGY,"Креатин моногидрат порошок creatine, Чистый 200г",642,4.8,104
креатин,PM Organic Nutrition,Креатин моногидрат с таурином порошок 450 гр,873,4.8,110
креатин,NUTRITNESS,"Креатин моногидрат 260 г, Creatine Powder порошок",662,4.6,14
креатин,Optimum Nutrition,"Микронизированный Креатин Порошок, 300 г",2706,4.8,2085
креатин,Olimp Sport Nutrition,Креатин моногидрат 250г - микронизированный порошок,2038,4.8,510
креатин,PWR ultimate power,Цитруллин малат citrulline и креатин моногидрат порошок,1369,4.9,76823
креатин,BIGSNT,Креатин моногидрат порошок,690,4.8,24211
креатин,BIGSNT,Креатин моногидрат порошок 400 грамм,854,4.8,24211
креатин,maxler,Макслер Креатин моногидрат в порошке Creatine 500 гр,3026,4.9,873
креатин,Ultimate Nutrition,"Creatine Monohydrate 300 грамм, креатин моногидрат",1892,4.8,510
креатин,HealthIs,Креатин моногидрат со вкусом малины порошок микронизированны…,590,4.9,85409
креатин,BIOVIN,"Креатин моногидрат в капсулах, creatine monohydrate,150 капс",209,4.9,102238
креатин,BIOVIN,"Креатин моногидрат 150 капсул, creatine monohydrate спортпит",209,4.9,102238
креатин,Optimum Nutrition,"Креатин Micronized Creatine Capsules, 300 капсул",8288,4.9,102238
креатин,BIOVIN,"Креатин моногидрат 1000 грамм, creatine monohydrate спортпит",1381,4.9,102238
креатин,BIGSNT,"Креатин моногидрат, добавка для мышц, 150 капсул",533,4.8,24211
креатин,R-line,"Креатин моногидрат RLine, 500г, порошок",1769,4.9,575
креатин,Kevin Levrone,Креатин моногидрат микронизированный Gold Creatine 300g,1747,4.8,510
креатин,QNT,"Креатин Моногидрат Creatine 100% Pure, 300 гр",2606,4.7,45
креатин,maxler,Микронизированный креатин моногидрат 100% Golden Creatine,1600,4.8,1803
креатин,maxler,Макслер Креатин Моногидрат 150 гр,1419,4.8,1984
креатин,maxler,Макслер Креатин моногидрат порошок Creatine 300 гр,2242,4.8,1767
креатин,QNT,Креатин моногидрат 800гр,5105,4.9,7
креатин,R-line,"Креатин моногидрат RLine, 300 г, порошок",1179,4.8,315
креатин,Be First,Микронизированный креатин моногидрат порошок без вкуса 500 г,2474,5.0,33
креатин,Be First,Микронизированный креатин моногидрат цитрусовый микс 300 гр,1666,4.8,19
креатин,Kevin Levrone,Anabolic Creatine креатин моногидрат микронизированный 300гр,1397,5.0,3
креатин,maxler,Макслер Креатин Моногидрат Creatine Monohydrate 500 гр,3222,4.8,1076
креатин,Be First,Креатин моногидрат в капсулах Микронизированный Creatine,2667,5.0,25
креатин,Life Protein,"Креатин моногидрат чистый порошок, 500 грамм",1466,4.8,1353
креатин,Be First,Микронизированный креатин моногидрат порошок Лимон 300 гр,1666,4.9,40
креатин,Kevin Levrone,GOLD CREATINE,1397,5.0,14
креатин,Be First,Микронизированный креатин моногидрат порошок без вкуса 300 г,1703,4.9,15
креатин,Be First,Микронизированный креатин моногидрат порошок 300 гр апельсин,1706,4.9,41
креатин,HIGHLVL,Креатин моногидрат Витамин С в порошке 200 г,497,5.0,6
креатин,Nutrex,Креатин моногидрат порошок 1000г Creatine Monohydrate,4594,5.0,11
креатин,Sunshine Nutrition,Креатин моногидрат порошок Creatine 500 гр,631,5.0,206
креатин,PM Organic Nutrition,Креатин моногидрат с таурином порошок 450 гр,873,4.8,110
креатин,,Креатин моногидрат мармелад,1296,5.0,1
креатин,PM Organic Nutrition,Креатин моногидрат с таурином порошок 450 гр,873,4.8,110
креатин,maxler,Креатин моногидрат в капсулах Макслер Creatine Caps 100 капс,1858,4.9,106
креатин,Genius Nutrition,Креатин Creatine monohydrate 400 г,1483,0.0,0
креатин,PM Organic Nutrition,Креатин моногидрат с таурином порошок 450 гр,873,4.8,110
креатин,PM Organic Nutrition,Креатин моногидрат с таурином порошок 450 гр,873,4.8,110
креатин,JUSTMUST,Креатин моногидрат капсулы Сreatine monohydrate 120 шт,957,4.6,7
креатин,Nutrex,Креатин моногидрат порошок 1000г Creatine Monohydrate,5517,5.0,4
креатин,NUTRITNESS,"Креатин моногидрат 245 капс, Creatine без добавок",609,4.9,24
креатин,PM Organic Nutrition,Креатин моногидрат с таурином порошок 450 гр,873,4.8,110
креатин,maxler,Макслер 100% Креатин Моногидрат 150г,1456,4.7,1346
креатин,BIOVIN,Протеин+креатин сывороточн whey массы мышц порошок без сахар…,1497,4.9,31576
креатин,BIGSNT,Креатин моногидрат порошок 400 грамм,930,4.8,24211
креатин,BIGSNT,Креатин моногидрат порошок 400 грамм,826,4.8,24211
креатин,BIGSNT,Креатин моногидрат порошок 400 грамм,926,4.8,24211
креатин,CRYSTACELL,"Креатин моногидрат 200 мг. микронизированный, 40 порций",576,5.0,4
креатин,Nutrex,Креатин моногидрат порошок 300 г Creatine Monohydrate,1622,4.6,19
креатин,vitmins,"Креатин моногидрат порошок creatine 300, лесные ягоды",304,4.9,4896
креатин,maxler,Макслер Микронизированный Креатин Моногидрат 150г,1280,4.8,1205
креатин,BIGSNT,"Креатин моногидрат мармелад, 30 порций",1312,4.7,44330
креатин,maxler,Кре-Алкалин Kre-Alkalyn Макслер 120 капсул,2622,5.0,74
креатин,HealthIs,Креатин моногидрат со вкусом апельсина порошок микронизирова…,490,4.9,85409
креатин,BIGSNT,Креатин моногидрат порошок 400 грамм,854,4.8,24211
креатин,DER BAUM IST GOLDEN,Креатин моногидрат порошок,1433,4.9,18115
креатин,NOW,"Креатин моногидрат порошок Creatine Monohydrate, 500г",3426,0.0,0
креатин,R-line,"Креатин моногидрат Creatine Powder, порошок, 500 г",1977,5.0,46
креатин,BIGSNT,Креатин моногидрат мармелад,1312,4.7,44330
креатин,VitaMeal,Креатин моногидрат в капсулах,550,4.9,30649
креатин,1WIN,Креатин моногидрат микронизированный 20 стиков,560,4.9,20278
креатин,NOW,"Креатин моногидрат порошок Creatine Monohydrate, 600г",3887,0.0,0
креатин,Do4a Lab,"Креатин моногидрат порошок Creatine, апельсин, 450 г",682,4.8,42229
креатин,Reckful,Креатин моногидрат в жевательных конфетах без сахара,1434,4.8,16
креатин,BIGSNT,Креатин моногидрат порошок,431,4.7,44330
креатин,JUSTMUST,Креатин моногидрат в капсулах,752,5.0,8
креатин,Optimum Nutrition,"Креатин микронизированный Micronized Creatine Powder, 300 г",1541,4.8,42
креатин,BIGSNT,Креатин моногидрат порошок 400 грамм,885,4.8,24211
креатин,BIGSNT,Креатин моногидрат порошок,416,4.7,44330
креатин,BIOVIN,"Креатин моногидрат в таблетках 300шт, creatine monohydrate",363,4.9,102238
креатин,JUSTMUST,Креатин моногидрат порошок,637,5.0,2
креатин,GENETICLAB,Креатин моногидрат 500 гр без вкуса,1154,4.9,196
креатин,BIGSNT,Креатин моногидрат порошок 400 грамм,897,4.8,24211
креатин,BIOVIN,"Креатин моногидрат в капсулах, creatine monohydrate,150 капс",352,4.9,102238
креатин,TUNNER,Креатин моногидрат предтренировочный комплекс 20 шт*30 г,1692,4.9,26
креатин,Optimum Nutrition,"Креатин Micronized Creatine Capsules, 200 капсул",1481,4.7,29
креатин,Do4a Lab,"Креатин моногидрат порошок Creatine, арбуз, 900 г",1218,4.8,42229
креатин,1WIN,Креатин моногидрат микронизированный порошок,576,4.8,23896
креатин,BIGSNT,Креатин моногидрат порошок 400 грамм,940,4.8,24211
креатин,Olimp Sport Nutrition,Креатин моногидрат Creatine Monohydrate 550 г. без вкуса,2890,4.7,12
креатин,R-line,"Креатин моногидрат 100% (1000 г) порошок, без добавок",2801,5.0,24
креатин,PM Organic Nutrition,Креатин моногидрат с таурином порошок 450 гр,873,4.8,110
креатин,Prime Kraft,"Креатин Моногидрат Creatine Monohydrate 4350 мг, 240 капсул",1273,4.9,40
креатин,R-line,"Креатин Моногидрат Rline Creatine Caps, 200 капсул",834,5.0,62
креатин,Optimum Nutrition,"Креатин микронизированный Micronized Creatine Powder, 300 г",1541,5.0,7
креатин,maxler,Макслер Микронизированный Креатин Моногидрат 600г,3500,4.9,343
креатин,BIGSNT,Креатин моногидрат порошок,344,4.7,44330
креатин,Ultimate Nutrition,"100% Микронизированный Креатин Моногидра, 300 г",1760,4.8,570
креатин,Olimp Sport Nutrition,Креатин моногидрат порошок Creatine Monohydrate 250 г,1577,5.0,9
креатин,BIGSNT,Креатин моногидрат порошок,592,4.8,24211
креатин,SOLAB,"Креатин моногидрат чистый, набор из 3 шт",1188,4.9,3662
креатин,1WIN,Спеццена 1+1 креатин моногидрат только 5 дней,923,4.8,23896
креатин,NOW,Креатин моногидрат капсулы Kre-Alkalyn Creatine 240 capsules,5044,5.0,1
креатин,Prime Kraft,Креатин Моногидрат - Дикая вишня (дойпак 500гр),1473,4.7,43
креатин,PWR ultimate power,Креатин моногидрат порошок creatine и ZMA,1330,4.9,76823
креатин,Freedom-A,Креатин моногидрат порошок 4000 мг лесные ягоды,262,4.8,25
креатин,HealthIs,Креатин моногидрат со вкусом ананаса порошок микронизированн…,590,4.9,85409
креатин,BioTechUSA,Креатин в капсулах Creatine pH-X буфферизированный,2285,4.9,83
креатин,BIOVIN,"Креатин моногидрат в порошке, creatine monohydrate,150 грамм",279,4.9,102238
креатин,Kevin Levrone,Креатин моногидрат микронизированный Gold Creatine,1456,4.7,248
креатин,Do4a Lab,"Креатин моногидрат порошок Creatine, яблоко, 900 г",1218,4.8,42229
креатин,Prime Kraft,"Креатин Моногидрат Creatine Monohydrate Ананас, дойпак 500г",1473,4.8,68
креатин,Kevin Levrone,Креатин GOLD Creatine 300 гр,1490,5.0,2
креатин,1WIN,Креатин моногидрат микронизированный порошок,574,4.8,23896
креатин,BIGSNT,Креатин моногидрат порошок,299,4.7,44330
креатин,NATURI,Креатин моногидрат порошок creatine 500 г,616,4.8,347
креатин,BioTechUSA,Креатин CreaTor 120 капс,2781,5.0,28
креатин,SPORTPIT,Креатин моногидрат 270 грамм без вкуса,237,4.7,596
креатин,DER BAUM IST GOLDEN,Креатин моногидрат порошок,1433,4.9,18115
креатин,Newa Nutrition,"Креатин моногидрат порошок, 180 г",464,4.6,1145
креатин,R-line,"Креатин моногидрат 100% (500 г) порошок, без добавок",1812,4.8,21
креатин,Kevin Levrone,"Gold Creatine Kevine Levrone, 300 грамм",1369,4.8,40
креатин,BombBar,Креатин моногидрат порошок creatine monohydrate 300г,697,4.7,808
креатин,BIOVIN,"Креатин моногидрат 150 грамм, creatine monohydrate спортпит",279,4.9,102238
креатин,BIGSNT,Креатин моногидрат порошок 400 грамм,772,4.8,24211
креатин,SIBERIAN NUTROGUNZ,"Набор Предтренировочный комплекс + Креатин моногидрат, 225 г",2329,4.6,5
креатин,BIOCORD,Креатин Моногидрат со вкусом черной смородины 300г,354,4.8,265
креатин,1WIN,Креатин моногидрат с глютамином и аргинином 30 порций,770,4.9,20278
креатин,Do4a Lab,"Креатин моногидрат порошок Creatine, апельсин, 900 г",1218,4.8,42229
креатин,BioTechUSA,Креатин Crea Zero 320 г. апельсин,3415,5.0,5
креатин,VESPER LAB,Креатин моногидрат порошок без вкуса 200 грамм,524,5.0,1
креатин,Proteinrf,Креатин моногидрат порошок без вкуса 500 гр,592,4.9,32
креатин,1WIN,"Креатин моногидрат чистый микронизированный, комплект 3шт",1035,4.8,23896
креатин,maxler,Макслер 100% Креатин моногидрат 500г,3032,4.9,395
креатин,BioTechUSA,Креатин Tri Creatine Malate 300 г,3478,3.7,9
креатин,BIGSNT,"Креатин моногидрат, добавка для мышц, 300 капсул",820,4.8,24211
креатин,Миофарм,"Креатин моногидрат порошок 300 г, микронизированный сreatine",502,4.8,10739
креатин,1WIN,"Креатин моногидрат микронизированный, в капсулах 240 шт",533,4.9,20278
креатин,Grub's up!,Протеин с креатином C.Protein Power виноград 675гр,3051,5.0,1
креатин,BIGSNT,Креатин моногидрат порошок 400 грамм,930,4.8,24211
креатин,maxler,Макслер 100% Креатин моногидрат 500г,3051,4.9,516
креатин,BombBar,"Креатин моногидрат порошок creatine monohydrate, 300г",713,4.8,1085
креатин,Миофарм,"Креатин моногидрат порошок 300 г, микронизированный сreatine",502,4.8,10739
креатин,,Креатин моногидрат 500 г Порошок Без вкуса,659,4.8,52
креатин,GODS,Креатин моногидрат гидрохлорид 2в1 порошок 250 гр,1855,5.0,8
креатин,BIOVIN,"Креатин моногидрат в капсулах, creatine monohydrate,500 капс",639,4.9,102238
креатин,1WIN,Спеццена 1+1 креатин моногидрат только 5 дней. Дата изготовл…,769,4.8,23896
креатин,Do4a Lab,"Креатин моногидрат порошок Creatine, арбуз, 200 г",476,4.8,42229
креатин,Do4a Lab,"Креатин моногидрат порошок Creatine, манго, 450 г",682,4.8,42229
креатин,re-feel,Креатин моногидрат микс вкусов 30 стиков,2812,4.9,69
креатин,Epic Labs,Микронизированный Креатин 60 порций 300 грамм,643,4.9,45
креатин,Reckful,Креатин Комплекс Tri-Creatine,2464,4.9,1329
креатин,BIOVIN,Протеин+креатин сывороточн whey массы мышц порошок без сахар,1497,4.9,31576
креатин,1WIN,Креатин моногидрат микронизированный порошок,588,4.8,23896
креатин,PWR ultimate power,Протеин сывороточный и креатин моногидрат порошок,2912,4.9,30474
креатин,SOLAB,Креатин моногидрат в капсулах 180 шт спортпит,449,4.9,13425
креатин,BIOVIN,Протеин+креатин сывороточн whey массы мышц порошок без сахар…,1466,4.9,31576
креатин,BIGSNT,Креатин моногидрат порошок 400 грамм,1067,4.8,24211
креатин,Prime Kraft,Креатин Creatine Monohydrate в капсулах 240 шт 4350 мг,1157,4.8,1086
креатин,BIGSNT,Креатин моногидрат порошок,754,4.8,24211
креатин,Optimum Nutrition,"Креатин микронизированный 300 грамм, 60 порций",990,4.7,216
креатин,Freedom-A,Креатин моногидрат порошок 250 гр вкус апельсин,262,5.0,20
креатин,1WIN,"Креатин моногидрат микронизированный порошок, 200г",596,4.8,23896
креатин,BIOVIN,"Креатин моногидрат 300 капсул, creatine monohydrate спортпит",560,4.9,102238
креатин,1WIN,Креатин моногидрат с глютамином и аргинином 30 порций,766,4.9,20278
креатин,Do4a Lab,"Креатин моногидрат порошок Creatine, манго, 900 г",1218,4.8,42229
креатин,SOLAB,Креатин моногидрат с таурином и BCAA 30 порций,682,4.9,3662
креатин,Myprotein,Креатин Creapure Creatine Powder Monohydrate 250 г,1545,4.9,367
протеин,supptrue,"Протеин сывороточный спортивный коктейль ""whey""",1374,4.7,59669
протеин,BIGSNT,Протеин сывороточный для мышечной массы без сахара,2119,4.8,52533
протеин,BIOVIN,протеин сывороточный whey для массы мышц порошок без сахара…,1522,4.9,31576
протеин,BIOVIN,протеин сывороточный whey для массы мышц порошок без сахара…,1411,4.9,31576
протеин,supptrue,"Протеин сывороточный спортивный коктейль ""whey""",1374,4.7,59669
протеин,BIGSNT,Протеин сывороточный для мышечной массы без сахара,2165,4.8,52533
протеин,Dr.Health,Протеин сывороточный коктейль для похудения,1050,4.7,8454
протеин,Prime Kraft,"Протеин сывороточный Whey Protein, Сникерс, 900 г",1930,4.5,1685
протеин,BombBar,"Протеин сывороточный для набора массы Whey Protein Prо, 900г",2088,4.9,3855
протеин,DER BAUM IST GOLDEN,"Протеин сывороточный, WHEY",3598,4.8,3873
протеин,Prime Kraft,"Протеин сывороточный Whey Protein, Молочный шоколад, 900 г",2113,4.8,8352
протеин,BombBar,"Протеин сывороточный для набора массы Whey Protein Prо, 900г",2088,4.8,6688
протеин,PWR ultimate power,Протеин сывороточный Whey Protein,2191,4.9,30474
протеин,PWR ultimate power,Протеин сывороточный для мышечной массы Whey Protein,2161,4.9,30474
протеин,Prime Kraft,"Протеин сывороточный Whey Protein, Малиновый Чизкейк, 900 г",2018,4.8,148
протеин,Prime Kraft,"Протеин сывороточный Whey Protein, Молочный шоколад, 450 г",1260,4.8,531
протеин,Sports Element,Спортивный шейкер для протеина и фитнес коктейлей 600 мл,289,4.8,18383
протеин,Prime Kraft,"Протеин сывороточный Whey Protein, Крем-брюле, 900 г",1983,4.7,296
протеин,BIGSNT,Протеин многокомпонентный,1894,4.8,4708
протеин,Prime Kraft,"Протеин сывороточный Whey Protein, Молочный шоколад, 900 г",2075,4.8,3692
протеин,Prime Kraft,"Протеин сывороточный Whey Protein, Черничный Маффин, 900 г",1983,4.7,184
протеин,Prime Kraft,"Протеин сывороточный Whey Protein, Баунти, 900 г",1930,4.7,1727
протеин,Prime Kraft,"Протеин сывороточный Whey Protein, Печенье Орео, 900 г",1930,4.8,1494
протеин,VIMGYM,Протеин сывороточный Whey Protein для роста мышц,1182,4.8,12972
протеин,Prime Kraft,"Протеин сывороточный Whey Protein, Двойной шоколад, 900 г",2156,4.7,252
протеин,Prime Kraft,"Протеин сывороточный Whey Protein, Молочный шоколад, 500 г",1260,4.8,2737
протеин,Prime Kraft,"Протеин сывороточный Whey Protein, Тоффи-Карамель, 900 г",2156,4.8,1043
протеин,VIMGYM,"Протеин сывороточный Whey Protein для роста мышц, Пломбир",1187,4.8,12972
протеин,BIGSNT,Протеин сывороточный для мышечной массы без сахара,2165,4.8,52533
протеин,BombBar,"Протеин многокомпонентный для массы, протеиновый коктейль",2079,4.8,3039
протеин,BIGSNT,Протеин сывороточный для мышечной массы без сахара,1233,4.8,9878
протеин,Prime Kraft,"Протеин сывороточный Whey Protein, Клубника-банан, 450 г",1686,4.9,694
протеин,POWER PRO,Специализированный продукт для питания спортсменов протеин,2258,4.8,1874
протеин,BombBar,"Протеин сывороточный для набора массы Whey Protein Prо, 900г",2211,4.9,6942
протеин,PhytoBloom,Протеин с коллагеном и антиоксидантами,835,4.9,4442
протеин,PowerRise,Протеин сывороточный изолят,775,4.5,13025
протеин,SOLAB,Протеин сывороточный шоколадный коктейль для похудения,1176,4.9,1373
протеин,Prime Kraft,"Протеин сывороточный Whey Protein, Клубника-банан, 900 г",2952,4.8,2147
протеин,Prime Kraft,"Протеин Whey Protein, Фисташковое мороженое, 900 г",2841,4.8,1320
протеин,BombBar,"Протеин многокомпонентный для массы, протеиновый коктейль",1987,4.9,2145
протеин,Life Protein,"Протеин изолят для похудения сывороточный, 15 саше-пакетиков",1662,4.8,3598
протеин,BIGSNT,Протеин сывороточный для мышечной массы без сахара,1229,4.8,9878
протеин,LeTelo,Протеин сывороточный для похудения со вкусом клубники,570,4.8,4431
протеин,ONEWALIFE,"Протеиновый коктейль для похудения, пломбир",1136,4.9,1352
протеин,PWR ultimate power,Протеин сывороточный и BCAA порошок 2-1-1,2948,4.9,30474
протеин,,Нутридринк Компакт Протеин бутылочка клубника 125 мл 4 шт,1508,5.0,13
протеин,POWER PRO,Протеин сывороточный коктейль WHEY SHAKE 900 гр,1846,4.6,97
протеин,PhytoBloom,Протеин сывороточный с коллагеном для женщин,821,4.9,4442
протеин,PhytoBloom,Протеиновый коктейль сывороточный с коллагеном для женщин,821,4.9,4442
протеин,Newa Nutrition,"Протеин для похудения девушек, ваниль 2 шт",632,4.8,90650
протеин,Mote,"Протеин с коллагеном комплексный, Розовой матча и земляника",1927,4.9,23685
протеин,BIOVIN,протеин сывороточный whey для массы мышц порошок без сахара…,1411,4.9,31576
протеин,PhytoBloom,Коктейль для похудения протеиновый с коллагеном,812,4.9,4442
протеин,Newa Nutrition,Протеиновый коктейль тыквенный латте,773,4.8,90650
протеин,,Нутридринк Компакт Протеин бутылочка нейтральный вкус 125 мл…,1508,5.0,24
протеин,,Нутридринк Компакт Протеин бутылочка с охлаждающим фруктово-…,1508,5.0,15
протеин,BIOVIN,Протеин+креатин сывороточн whey массы мышц порошок без сахар…,1466,4.9,31576
протеин,Молочный мир,"Сывороточный протеин КСБ 80 WHEY PROTEIN, 1 кг",2157,4.9,1911
протеин,BIOVIN,протеин сывороточный whey для массы мышц порошок без сахара…,1485,4.9,31576
протеин,,Нутридринк Компакт Протеин бутылочка ваниль 125 мл 4 шт,1560,4.9,10
протеин,BIOVIN,"протеин сывороточный порционный, ассорти whey protein коктей…",1225,4.9,31576
протеин,BIOVIN,протеин сывороточный whey для массы мышц порошок без сахара,1382,4.9,31576
протеин,BIOVIN,Протеин+креатин сывороточн whey массы мышц порошок без сахар,1497,4.9,31576
протеин,,Нутридринк Компакт Протеин бутылочки кофе 125 мл 4 шт,1549,5.0,6
протеин,PWR ultimate power,BCAA порошок 2-1-1 и протеин сывороточный,2839,4.9,30474
протеин,BIOVIN,Протеиновый коктейль для женщин порошок без сахара концентра…,891,4.9,16300
протеин,Evolab Nutrition,"Сывороточный изолят Iso Whey шоколад 908 грамм, протеин",2806,5.0,15
протеин,Newa Nutrition,"Протеиновый коктейль для похудения, ассорти",1003,4.8,90650
протеин,,Нутридринк Компакт Протеин бутылочки персик-манго 125 мл 4 ш…,1601,4.6,12
протеин,BIOVIN,Протеин+креатин сывороточн whey массы мышц порошок без сахар…,1497,4.9,31576
протеин,supptrue,"Протеин сывороточный спортивный коктейль ""whey""",832,4.6,9966
протеин,BIOVIN,протеин сывороточный whey для массы мышц порошок без сахара…,1018,4.9,31576
протеин,Prime Kraft,"Протеин сывороточный Whey Protein, Капучино, 900 г",3321,4.8,497
протеин,Mote,"Протеин с коллагеном комплексный, Соленая карамель",1855,4.9,23685
протеин,BIGSNT,Протеин многокомпонентный для набора мышц без сахара,1894,4.8,4708
протеин,SportJoy,"Протеин для похудения без сахара, пломбир",639,4.8,2304
протеин,BIGSNT,Протеин сывороточный для мышечной массы без сахара,2165,4.8,52533
протеин,SIBERIAN NUTROGUNZ,"Многокомпонентный сывороточный протеин, банан, 750г",2476,4.9,40
протеин,Dr.Health,Протеин сывороточный коктейль для похудения,734,4.7,14835
протеин,1WIN,Протеин сывороточный концентрат,1731,4.8,15969
протеин,1WIN,Протеин сывороточный концентрат 30 порций,2932,4.8,15969
протеин,Optimum System,"Гейнер для набора массы на сложных углеводах 3 кг, шоколад",3084,4.8,202
протеин,Prime Kraft,"Протеин Whey Protein, Сливочный пломбир, банка 900 г",2837,4.8,1532
протеин,supptrue,Протеин соевый изолят протеиновый коктейль без сахара,975,4.7,37478
протеин,Protein Craft,Сывороточный протеин Whey КСБ 900 г,5427,0.0,0
протеин,1WIN,Протеин сывороточный концентрат 15 порций,1791,4.8,15969
протеин,Racionika,Протеиновый коктейль для похудения без сахара Ваниль 275 г,599,4.7,2454
протеин,BIGSNT,Протеин многокомпонентный,1894,4.8,4708
протеин,R-line,"Сывороточный протеин RLine Light Whey, 1000г, шоколад",1613,4.9,461
протеин,R-line,"Сывороточный протеин RLine Light Whey, 1000г, пломбир",1613,4.7,1165
протеин,Иван-поле,Протеин сывороточный Protein BCAA Клубника со сливками 900 г,2761,4.8,7453
протеин,TITAN,Сывороточный протеин Пломбир 908г,2949,5.0,8
протеин,BIOHACKING MANTRA,"Растительный веганский протеин ""Малина"", 750 г",1443,4.6,121
протеин,PWR ultimate power,Протеин сывороточный для мышечной массы,2123,4.9,30474
протеин,Ruslabnutrition,Протеин многокомпонентный MEGA для массы мороженое,737,4.8,1028
протеин,VIMGYM,Сывороточный протеин с коллагеном,1645,4.8,12972
протеин,R-line,Сывороточный Протеин Rline Light Whey 1000 Пломбир,1723,4.8,129
протеин,R-line,Сывороточный Протеин Rline Light Whey 1000 Шоколад,1723,4.8,67
протеин,Life Protein,Протеин сывороточный для похудения без сахара,1457,4.8,20786
протеин,BioPharm,Протеин для детей Champik Kids,2983,5.0,14
протеин,VIMGYM,Сывороточный протеин с коллагеном набор 1+1,2274,4.8,12972
протеин,R-line,Сывороточный Протеин Rline Light Whey 1000 Клубника,1723,4.9,62
протеин,Life Protein,"Протеин сывороточный спортивное питание, коктейль Лайф 4LB",4015,4.8,7251
протеин,Dr.Health,Протеин сывороточный коктейль для похудения,753,4.8,15859
протеин,Конопель,"Растительный протеин из ядер конопли для здоровья, похудения",2352,4.9,1540
протеин,Ruslabnutrition,Протеин многокомпонентный MEGA для мышечной массы клубника,773,4.7,401
протеин,PowerRise,Протеин сывороточный изолят,2141,4.4,1429
протеин,,Сывороточный протеин изолят NutriFlex,809,4.7,378
протеин,Do4a Lab,Сывороточный протеин Whey КСБ 1500 г,3537,4.8,5741
протеин,maxler,Сывороточный протеин для набора массы 2270г Банановый крем,9908,5.0,16
протеин,BombBar,"Протеин сывороточный для набора массы Whey Protein Prо, 450г",1202,4.8,4400
протеин,Ruslabnutrition,Протеин многокомпонентный MIX PROTEIN 800г крем-брюле,963,4.8,25
протеин,HFT,Протеин сывороточный без сахара 900г Фисташка,1651,0.0,0
протеин,Kevin Levrone,Протеин для массы сывороточный КСБ 83 для роста мышц,6752,0.0,0
протеин,Ruslabnutrition,Протеин многокомпонентный MEGA для массы 800г шоколад,766,4.5,30
протеин,Сибирская НутроПушка,"Сывороточный протеин с коллагеном Whey Protein, 900г",1434,4.9,15
протеин,Ruslabnutrition,Протеин сывороточный для набора массы SPW мороженое,947,4.8,1054
протеин,king of balance,Протеин сывороточный без сахара Печенье с миндалем 450 гр,1255,4.9,19
протеин,king of balance,"Протеин сывороточный без сахара, Двойной шоколад, 900 гр",2025,4.9,73
протеин,,Сывороточный протеин изолят NutriFlex,2139,4.7,640
протеин,HFT,Протеин сывороточный высокобелковый 750г Кокос,1422,5.0,1
протеин,1WIN,Протеин с пребиотиками сывороточный фисташка,1103,4.8,15969
протеин,maxler,Протеин сывороточный для набора массы 450г Молочный Шоколад,2776,4.9,36
протеин,,"Изолят соевого белка, 1000 гр",775,4.8,341
протеин,PowerRise,Протеин сывороточный изолят,1113,4.4,2740
протеин,PUREPROTEIN,Протеин Многокомпонентный 600г Лимонный чизкейк 20 порций,1195,4.5,50
протеин,Иван-поле,Протеин сывороточный Protein с ВСАА Шоколад900г 27 порций,2762,4.8,7453
протеин,Lake Avenue,Протеин шоколад - 907 г,2758,4.9,35
протеин,PUREPROTEIN,Протеин Многокомпонентный 600г Шоколад 20 порций,1330,4.6,89
протеин,PUREPROTEIN,Протеин Многокомпонентный 600г Карамель 20 порций,1195,4.6,178
протеин,Ruslabnutrition,Протеин многокомпонентный MEGA для массы 800г дыня,940,4.7,14
протеин,Иван-поле,Протеин сывороточный Protein с ВСАА Фисташка 900г27порций,2771,4.8,7453
протеин,Scitec Nutrition,Протеин 100% Whey Protein Professional 500г шоколад,2135,5.0,4
протеин,APPLIED NUTRITION,"Протеин, гидролизованный белок, 28г, 1800 г",5847,5.0,1
протеин,PUREPROTEIN,Протеин Многокомпонентный 1кг Малина 33 порции,2051,4.7,95
протеин,Иван-поле,Протеин сывороточный Protein с ВСАА Банан 900 г 27 порций,2621,4.8,7453
протеин,Rule 1,"Протеин Рул 1 Вей, 2280 г - Шоколадная помадка",9150,5.0,54
протеин,PUREPROTEIN,Протеин Многокомпонентный 600г Мокачино 20 порций,1195,4.6,136
протеин,PUREPROTEIN,Протеин Многокомпонентный 1кг Лимонный чизкейк 33 порции,1845,4.6,52
протеин,1WIN,Протеин с пребиотиками сывороточный ягодное мороженое,1316,4.8,15969
протеин,SIBERIAN NUTROGUNZ,"Многокомпонентный сывороточный протеин, дубайский шоколад",2096,5.0,12
протеин,,Протеин сывороточный NUTROPRO ваниль,1481,4.7,6
протеин,,Сывороточный протеин изолят с клетчаткой NutriFlex,1072,0.0,0
протеин,,Сывороточный протеин изолят с клетчаткой NutriFlex,1072,0.0,0
протеин,Prime Kraft,"Протеин сывороточный Whey Protein, Молочный шоколад, 1800 г",4151,4.7,848
протеин,Optimum System,Гейнеры для быстрого набора массы клубника,3333,4.8,202
протеин,,Супер Протеин банка 500 г,1397,4.8,45
протеин,NUTRITNESS,"Whey Protein 900 г, шоколад, белковый коктейль сывороточный",1358,4.8,15
протеин,supptrue,"Протеин сывороточный спортивный коктейль ""whey""",2620,4.7,59669
протеин,Dr.Health,Протеин соевый изолят протеиновый коктейль для похудения,707,4.6,10889
протеин,Молочный мир,Протеин сывороточный похудения и набора мышц Щучинский КСБ,2306,4.9,8220
протеин,FAVORLINE,Протеин сывороточный коктейль Ванильное мороженое Whey 1000…,717,4.8,993
протеин,supptrue,"Протеин сывороточный спортивный коктейль ""whey""",1374,4.7,59669
протеин,Rule 1,"Протеин Р1 Сос7 Протеин, 800 г - Печенье с Кремом",3500,5.0,10
протеин,Prime Kraft,"Протеин сывороточный Protein, Фисташковое мороженое, 1800 г",5350,4.7,278
протеин,Newa Nutrition,"Протеиновый коктейль, брауни",826,4.8,90650
протеин,Сибирская НутроПушка,"Сывороточный протеин с коллагеном Whey Protein, 900г",1434,4.8,8
протеин,Newa Nutrition,"Протеин спортивное питание для похудения, ваниль 3 шт",1055,4.8,90650
протеин,Prime Kraft,"Протеин сывороточный Whey Protein Солёная карамель, 1800 г",4556,4.7,100
протеин,Newa Nutrition,"Протеин спортивное питание для похудения, капучино 2 шт",726,4.8,90650
протеин,Иван-поле,Протеин сывороточный Protein коллаген Соленая карамель 900г,2684,4.8,7453
протеин,Fitoria,Шейкер для протеина электрический автошейкер,1425,4.8,85
протеин,Ultimate Nutrition,Казеин для похудения и набора массы Prostar Casein Protein,9088,4.5,2
протеин,Cybermass,"Гейнер для быстрого набора массы и веса Mass GAINER, 900г",956,4.7,405
протеин,Иван-поле,Протеин сывороточный Protein с ВСАА Пина Колада 900г30порц,2623,4.8,7453
протеин,Newa Nutrition,"Протеин спортивное питание для похудения, карамель 2 шт",799,4.8,257
протеин,POWER PRO,Протеин сывороточный коктейль WHEY SHAKE 900 гр,1698,4.8,67
протеин,Ultimate Nutrition,Казеин для похудения и набора массы Prostar Casein Protein,9576,5.0,1
протеин,POWER PRO,Протеин сывороточный коктейль WHEY SHAKE 900 гр,1743,4.7,146
протеин,POWER PRO,Протеин сывороточный коктейль WHEY SHAKE 900 гр,1846,4.7,102
протеин,Иван-поле,Протеин сывороточный Protein с ВСАА Ваниль 900г 27 порций,2733,4.8,7453
протеин,Ultimate Nutrition,"Протеиновый коктейль Syntho Gold, порошок 2270г",7615,0.0,0
протеин,Ultimate Nutrition,Казеин для похудения и набора массы Prostar Casein Protein,9683,5.0,1
протеин,Uplex,Протеин сывороточный для мышечной массы 1800 г,2237,4.8,135
протеин,Muscles Design Lab,"Яичный гидролизованный протеин, вкус ""Сникерс""",2143,4.5,195
протеин,Racionika,Протеиновый коктейль для похудения Protein 750г,999,4.8,5668
протеин,Optimum Nutrition,Сывороточный протеин вкус ванили Gold Standard 100% Whey,1898,5.0,3
протеин,aTech nutrition,Казеиновый протеин вечерний коктейль 840 г. Ваниль,2145,4.8,1185
протеин,aTech nutrition,Казеиновый протеин вечерний коктейль 840 г. Натс крим,2145,4.8,375
протеин,Muscles Design Lab,Hydrolisate beef гидролизат говяжьего белка 908 грамм,2367,4.7,905
протеин,Ultimate Nutrition,"Протеиновый коктейль Syntho Gold, порошок 2270г",7145,0.0,0
протеин,Optimum Nutrition,Сывороточный протеин вкус клубники Gold Standard 100% Whey,1940,5.0,7
протеин,Be First,Сывороточный протеин First Whey Protein 420 гр клубника,1797,4.8,22
протеин,Uplex,Протеин сывороточный для массы со вкусом малина 1800 г,2237,4.8,135
протеин,Muscles Design Lab,"Протеин protein сывороточный, вкус ""Ваниль"", без сахара",2301,4.7,2923
протеин,BioTechUSA,Сывороточный протеин 100% Pure Whey 454 г шоколад,2682,4.6,31
протеин,Muscles Design Lab,"Протеин с коллагеном и биотином, вкус Соленая карамель",2349,4.8,652
протеин,maxler,Сывороточный протеин Ultra Whey 900г Ванильное Мороженое,4231,4.9,74
протеин,Life Protein,Протеин сывороточный для похудения без сахара,2349,4.8,7251
протеин,Prime Kraft,"Протеин сывороточный Whey Protein Сливочный пломбир, 1800 г",5350,4.3,191
протеин,TREND nutrition,Сывороточный протеин 2 кг Whey для набора массы и похудения,2325,4.7,507
протеин,R-line,"Сывороточный протеин Whey Rline, 1000г, шоколад",2237,4.9,247
протеин,R-line,Сывороточный протеин Whey Rline клубника 1 кг рлайн,2057,4.9,153
протеин,Be First,Сывороточный протеин First Whey Protein 420 гр шоколад,1749,4.9,14
протеин,SIBERIAN NUTROGUNZ,"Многокомпонентный сывороточный протеин, латте, 750 г",2476,4.4,7
протеин,Be First,Сывороточный протеин First Whey Protein 420 гр натуральный,1797,5.0,14
протеин,IronMan,"Протеиновый коктейль для похудения без сахара, набор 6 шт",640,4.8,741
протеин,maxler,Сывороточный протеин Ultra Whey 900г Фисташка Шоколад,4231,4.7,44
протеин,Ultimate Nutrition,Сывороточный протеин Prostar Whey 2390 г,7430,5.0,10
протеин,maxler,Протеин сывороточный для набора массы 900г Шоколад,4610,4.8,21
протеин,Muscles Design Lab,"Протеин сывороточный Whey, вкус ""Манго"", без сахара",2301,4.7,2923
протеин,Be First,Сывороточный протеин First Whey Protein 420 гр банан,1891,4.3,9
протеин,БезВреда,Гейнер для набора массы высокобелковый углеводный без сахара,1684,4.8,2590
протеин,BioPharm,Протеин ISO WHEY Изолят сывороточного белка 1920g,4328,4.8,65
протеин,БезВреда,Гейнер для набора массы высокобелковый углеводный без сахара,1684,4.8,2590
протеин,БезВреда,Гейнер для набора массы высокобелковый углеводный без сахара,1684,4.8,2590
протеин,ORGANICON,Растительный протеин - Аминокислотный комплекс с витаминами…,2541,5.0,1
протеин,Ultimate Nutrition,Сывороточный протеин Prostar Whey 2390 г,7430,5.0,10
протеин,Ultimate Nutrition,Сывороточный протеин Prostar Whey 2390 г,7430,5.0,10
протеин,KultLab,Протеин сывороточный коктейль для похудения,3152,4.9,64
протеин,WATT NUTRITION,"Дрожжевой протеин, 500 гр",1170,0.0,0
протеин,Be First,Сывороточный протеин First Whey Protein 420 гр крем брюле,1797,5.0,6
протеин,A-MIX,Протеиновый коктейль для похудения. Банан,417,4.7,640
протеин,ELEMENTICA ORGANIC,"Растительный веганский протеин, ягодный микс, 900г",1319,5.0,14
протеин,Ruslabnutrition,Белково-углеводный протеин для массы SPW 800г ваниль,889,4.9,28
протеин,Ruslabnutrition,Протеин многокомпонентный MIX для мышечной массы ваниль,1011,4.7,503
протеин,Ultimate Nutrition,Казеин для похудения и набора массы Prostar Casein Protein,4220,5.0,1
протеин,LeafToGo,Протеиновые вафли без сахара смесь для выпечки 450г,801,4.9,838
протеин,aTech nutrition,Казеиновый протеин вечерний коктейль 420 г. Шоколад,1278,4.7,407
протеин,FitnesSHOCK,Ассорти протеиновое печенье без сахара Фаворит 18 шт,1267,4.9,3647
протеин,PUREPROTEIN,Протеин Многокомпонентный 600г Банан 20 порций,1330,4.8,64
протеин,Ultimate Nutrition,Протеин Простар 100% Prostar Whey 2390г,7512,5.0,27
протеин,PowerRise,Протеин сывороточный изолят,1133,4.4,1055
протеин,PUREPROTEIN,Протеин Многокомпонентный 600г Малина 20 порций,1330,4.6,45
протеин,MyTime,Каша протеиновая низкокалорийная ассорти в пакетиках 12 шт,1434,4.9,122
протеин,Smartbar,"Протеиновые батончики ""Двойной шоколад"" 40гр. х25шт",1596,4.6,1480
протеин,TREND nutrition,Сывороточный протеин 1 кг Whey для набора массы и похудения,1639,4.7,507
протеин,PUREPROTEIN,Протеин Многокомпонентный 1кг Вишня-шоколад 33 порции,1845,4.3,74
протеин,STEELPOWER,Протеин казеиновый для похудения Карамель 900 г,2443,4.9,1177
протеин,BioTechUSA,Сывороточный протеин 100% Pure Whey 1000 г. клубника,4549,5.0,3
протеин,Ultimate Nutrition,Казеин для похудения и набора массы Prostar Casein Protein,4449,5.0,2
протеин,STEELPOWER,Протеин казеиновый для похудения Фисташковое мороженое 900 г,2443,4.9,1177
протеин,PUREPROTEIN,Протеин Многокомпонентный 600г Вишня-шоколад 20 порций,1330,4.6,57
протеин,Olimp Sport Nutrition,Сывороточный протеин Whey Protein 700 г. двойной шоколад,2297,5.0,2
протеин,BioPharm,Гейнер Premium mass спортивное питание для набора массы,4037,5.0,28
протеин,Ultimate Nutrition,Протеин Простар 100% Prostar Whey 2390г,7512,5.0,27
протеин,BioTechUSA,Сывороточный протеин 100% Pure Whey 2270 г. клубника,10255,4.6,7
протеин,Olimp Sport Nutrition,Сывороточный протеин Whey Protein Complex 700 г. печенье,2368,4.5,2
протеин,APPLIED NUTRITION,"Протеин 1800 гр, гидролизованный белок, 28г",5925,5.0,1
протеин,Ёбатон,"Протеин сывороточный для набора массы и похудения Whey, 900г",6928,5.0,42
протеин,Genius Nutrition,Протеин веганский Green-HD 750 г. шоколад,2296,0.0,0
протеин,Grub's up!,Протеин M.Protein капучино 840гр,3207,4.7,6
протеин,aTech nutrition,Протеин сывороточный 840 г. Клубника,2176,4.6,167
протеин,Ultimate Nutrition,Протеин Простар 100% Prostar Whey 2390г,7512,5.0,27
протеин,Prime Kraft,"Протеин сывороточный Whey Protein, Клубника-Банан, 1800 г",5350,4.8,512
протеин,aTech nutrition,Протеиновый коктейль Whey Protein 2010 г. Шоколад,5269,4.8,66
протеин,,Супер Протеин пакет 500 г 2 шт,2343,4.9,40
протеин,,Сывороточный протеин изолят с клетчаткой NutriFlex,840,0.0,0
протеин,Dorian Yates Nutrition,Протеин Whey Tempro Dorian Yates,7430,4.6,117
протеин,NUTRITNESS,"Whey Protein 900 г, пломбир, белковый коктейль сывороточный",1358,4.8,11
протеин,GEAR,Протеин сывороточный для мышечной массы 2 кг,5613,5.0,12
протеин,Optimum Nutrition,"Протеин Голд Стандарт 100% Вей, 682 г - Ванильное мороженое",3312,0.0,0
протеин,Smartbar,Протеиновые батончики Кокос в глазури 40 гр х25 шт,1272,4.8,1187
протеин,,Натуральный протеин,2757,4.7,10
протеин,NUTRITNESS,"Whey Protein 900 г, Клубника, белковый коктейль сывороточный",1358,4.6,11
протеин,NUTRITNESS,"Whey Protein 900 г, солёная карамель, белковый коктейль",1358,4.4,9
протеин,Mars,Twix Powder 875g Сывороточный протеин Твикс,2036,4.8,159
протеин,Muscles Design Lab,"Протеин сывороточный Whey, вкус ""Шоколад"", без сахара",2301,4.7,2923
протеин,Grub's up!,Протеин W.Protein коньяк 920гр,3890,5.0,1
протеин,Grub's up!,Протеин+BCAA W.Protein Boost ваниль 495гр,2614,0.0,0
протеин,Mars,Bounty Powder 875g Сывороточный протеин Баунти,2036,4.9,90
протеин,Be First,Сывороточный протеин First Whey Protein 420 гр фисташка,1844,4.3,3
протеин,Dorian Yates Nutrition,Гидролизат Сывороточного Белка Shadowhey Hydrolysate DY,10320,0.0,0
протеин,Главный ингредиент,"Конопляный протеин, 500 г",756,4.4,29
протеин,NATURO Premium,"Казеиновый протеин, Casein Protein, Натуральный 1кг",523,4.7,2783
протеин,supptrue,"Протеин сывороточный спортивный коктейль ""whey""",2620,4.7,59669
протеин,Smartbar,"Протеиновые батончики ""Банан в глазури"" 40гр 25 шт",1273,4.9,806
протеин,BombBar,"Протеин сывороточный для набора массы Whey Protein Prо, 900г",2112,4.9,5276
протеин,FAVORLINE,Протеин сывороточный коктейль Шоколад Whey 1000 гр,773,4.8,1087
протеин,BIOVIN,gainer mass 100% original гейнер для быстрого набора массы ш…,902,4.9,2769
протеин,KultLab,Протеин сывороточный коктейль шоколад 900 г,3152,4.8,66
протеин,LabBionica,Соевый протеин Soy protein isolate,1890,4.9,846
протеин,BombBar,Казеиновый протеин для похудения и набора массы без сахара,1964,4.9,2080
протеин,Newa Nutrition,Протеин для похудения шоколадный вкус спортпит,470,4.8,90650
протеин,supptrue,Протеин соевый изолят протеиновый коктейль без сахара,975,4.7,37478
протеин,Cybermass,"Гейнер для быстрого набора массы и веса Mass GAINER, 900г",974,4.7,238
протеин,supptrue,"Протеин сывороточный спортивный коктейль ""whey""",1374,4.7,59669
протеин,PWR ultimate power,Протеин сывороточный Whey Protein,2168,4.9,30474
протеин,BIOVIN,Протеиновый коктейль для женщин порошок без сахара концентра…,891,4.9,16300
протеин,NOW,Изолят сывороточного белка для похудения Whey Isolate 544 г,4975,5.0,2
протеин,BIOVIN,"протеиновый коктейль для похудения, фитнес напиток женщинам…",985,4.9,16300
протеин,supptrue,"Протеин сывороточный спортивный коктейль ""whey""",1374,4.7,59669
протеин,supptrue,"Протеин сывороточный спортивный коктейль ""whey""",2620,4.7,59669
протеин,Spirulinafood,Протеин яичный для похудения без сахара 1 кг,965,4.7,1108
протеин,Vita Force,Протеиновый коктейль без сахара Ваниль,525,4.5,25
протеин,supptrue,"Протеин сывороточный спортивный коктейль ""whey""",1374,4.7,59669
протеин,BIOVIN,"протеиновый коктейль для похудения, фитнес напиток женщинам…",891,4.9,16300
протеин,Молочный мир,Протеин сывороточный похудение и набор мышечной массы КСБ 80,2243,4.9,4521
протеин,Smartbar,Протеиновые батончики Ассорти 40гр. х 12 шт,603,0.0,0
протеин,maxler,Сывороточный протеин Golden Whey Голден Вей Макслер,9999,4.9,85
протеин,BIOVIN,"протеиновый коктейль для похудения, фитнес напиток женщинам",1114,4.9,16300
протеин,supptrue,"Протеин сывороточный спортивный коктейль ""whey""",1374,4.7,59669
протеин,BIOVIN,протеин сывороточный whey для массы мышц порошок без сахара…,887,4.9,31576
протеин,maxler,Сывороточный протеин Golden Whey Голден Вей Макслер,9999,4.9,109
протеин,LeTelo,Протеин сывороточный для похудения со вкусом шоколада,631,4.8,4611
протеин,BIOVIN,"протеиновый коктейль для похудения, фитнес напиток женщинам",1140,4.9,16300
протеин,Prime Kraft,"Протеин сывороточный Whey Protein, Фисташка, 450 г",1624,4.8,422
протеин,maxler,Сывороточный протеин Golden Whey Голден Вей Макслер,9999,4.6,22
протеин,maxler,Сывороточный протеин Golden Whey Голден Вей Макслер,9999,5.0,100
протеин,supptrue,"Протеин сывороточный спортивный коктейль ""whey""",1374,4.7,59669
цитруллин,BIOVIN,порошок аминокислоты цитрулин 250гр спортивное питание,521,4.9,28351
цитруллин,GLS pharmaceuticals,Цитруллин Малат для роста мышц и выносливости,485,4.8,4862
цитруллин,VitaMeal,Цитруллин малат порошок,676,4.9,58692
цитруллин,Do4a Lab,"Цитруллин Малат порошок Citrulline, без вкуса, 200 г",538,4.9,6640
цитруллин,VitaMeal,Цитруллин малат порошок,1337,4.9,58692
цитруллин,VitaMeal,Цитруллин малат в капсулах l citrulline,774,4.9,60488
цитруллин,VitaMeal,Цитруллин малат в капсулах l citrulline,553,4.9,60488
цитруллин,aTech nutrition,Предтрен Цитруллин малат 5000 мг Аминокислота в порошке,755,4.8,3237
цитруллин,VitaMeal,Цитруллин малат порошок,713,4.9,5345
цитруллин,GREEN LEAF FORMULA,Цитруллин малат + витамины группы B,574,4.9,2175
цитруллин,Reckful,"Л Цитруллин Малат в порошке, L Citrulline Malate без вкуса",1186,4.9,1026
цитруллин,Mister Prot,Цитруллин малат порошок без добавок 100 г,397,4.9,7914
цитруллин,RichWay,Л Цитруллин малат порошок L цитруллин L citrulline malate,480,4.9,60
цитруллин,BombBar,"Цитруллин малат порошок, аминокислоты 165г",705,4.8,722
цитруллин,VitaMeal,Цитруллин малат порошок,713,4.9,58692
цитруллин,VitaMeal,Цитруллин малат порошок,713,4.9,5345
цитруллин,Do4a Lab,"Цитруллин Малат порошок Citrulline, без вкуса, 450 г",815,4.9,6640
цитруллин,Ёбатон,Цитруллин малат Citrulline Malate 700 мг 60 капсул,249,4.9,163
цитруллин,Do4a Lab,"Цитруллин Малат порошок Citrulline, без вкуса, 900 г",1464,4.9,6640
цитруллин,VITAMIR PRO,L Цитруллин малат аминокислоты комплекс для спорта 90 капс,553,4.9,9028
цитруллин,aTech nutrition,Цитруллин малат аминокислоты для роста мышц,334,4.8,732
цитруллин,SOLAB,"Цитруллин малат порошок Аминокислота, 35 порций",746,4.8,8077
цитруллин,GraceBioQ,Цитруллин малат в капсулах спортивное питание,352,4.8,21542
цитруллин,PWR ultimate power,Цитруллин малат порошок L-Citrulline и аргинин капсулы,1300,4.9,50192
цитруллин,Be First,Цитруллин малат в капсулах Citrulline malate аминокислоты,731,4.8,177
цитруллин,1WIN,"Цитруллин малат порошок Аминокислота, 35 порций",767,4.9,4866
цитруллин,Sunshine Nutrition,Цитруллин малат порошок,428,5.0,206
цитруллин,Ёбатон,Цитруллин малат Citrulline Malate 700 мг 90 капсул,704,4.9,283
цитруллин,VITAMIR PRO,L аргинин и L цитруллин комплекс для спорта 90 капс,769,4.9,9028
цитруллин,Be First,Цитруллин малат порошок Citrulline malate аминокислоты 300 г,1649,4.9,53
цитруллин,NATURI,Цитруллин малат порошок,478,4.9,561
цитруллин,SOLAB,"AAKG Аргинин + Цитруллин в капсулах, 90 капсул",440,4.8,8077
цитруллин,TETRALAB,БАД L-цитруллин аминокислоты для спорта и роста мышц 60 капс,1029,4.7,102
цитруллин,STEELPOWER,цитруллин малат порошок аминокислота 200,1216,4.9,198
цитруллин,PWR ultimate power,Цитруллин малат citrulline и креатин моногидрат порошок,1369,4.9,76823
цитруллин,maxler,Аминокислота Макслер Л Цитруллин малат 750 мг 90 капсул,1386,4.9,109
цитруллин,JUSTMUST,Цитруллин малат порошок Citrulline malate Аминокислота 200 г,697,5.0,6
цитруллин,VitaMeal,ZMA цитруллин малат аминокислоты,1003,4.9,5345
цитруллин,GLS pharmaceuticals,Смесь сухая растворимая «Цитруллин малат GLS»,896,4.9,77
цитруллин,STOING,СППДП Цитруллин малат 2 1 порошок аминокислоты СТОИНГ 500 г,997,4.9,546
цитруллин,Главный ингредиент,L-Цитруллин DL-Малат 2 1 100 г,292,4.9,25
цитруллин,JUSTMUST,Цитруллин малат в капсулах,654,5.0,3
цитруллин,Be First,Цитруллин малат порошок Citrulline malate аминокислота 200 г,1211,4.8,52
цитруллин,,L-Цитруллин-DL-Малат 2 1 500 гр Порошок без добавок,761,4.9,82
цитруллин,GLS pharmaceuticals,Цитруллин малат порошок для тренировок и выносливости,897,4.9,92
цитруллин,BioTechUSA,Цитруллин Citrulline Malate 90 капс,2419,4.9,47
цитруллин,JUSTMUST,Цитруллин малат в капсулах Citrulline malate аминокислоты,687,4.9,7
цитруллин,Aminofood,Цитруллин Малат Citrulline 250г спортивное питание,606,4.9,1953
цитруллин,aTech nutrition,Цитруллин малат аминокислоты для роста мышц,444,4.8,2109
цитруллин,GENETICLAB,Цитрулин 200 гр Апельсин пампинг,935,5.0,28
цитруллин,VitaMeal,"Цитруллин малат, бета аланин, кофеин, аргинин капсулы",1512,4.9,11499
цитруллин,NATURI,Цитруллин малат порошок,932,4.9,561
цитруллин,GLS pharmaceuticals,Смесь сухая растворимая «Цитруллин малат GLS»,896,4.9,434
цитруллин,Reckful,"Л Цитруллин Малат в капсулах, L Citrulline Malate",1083,5.0,74
цитруллин,1WIN,"Креатин моногидрат с L-цитруллином, 30 порций",737,4.9,20278
цитруллин,1WIN,"Креатин моногидрат с L-цитруллином, 30 порций",742,4.9,20278
цитруллин,GENETICLAB,Цитрулин 200 гр грейпфрут пампинг,935,4.9,7
цитруллин,PWR ultimate power,Цитруллин малат в капсулах аминокислоты для спорта,557,4.9,50192
цитруллин,WATT NUTRITION,"L-цитруллин DL-Малат L-Citrulline malate, 200 гр",623,4.8,376
цитруллин,BioTechUSA,Аминокислота Citrulline Malate 300 г зеленое яблоко,3748,4.8,27
цитруллин,supptrue,Цитруллин малат в капсулах для восстановления,389,4.9,5015
цитруллин,FIT cultura,"Цитруллин малат 5000 мг, 200 г",430,5.0,15
цитруллин,Cybermass,"Цитруллин малат порошок, аминокислота citrulline спорт пит",530,4.9,91
цитруллин,OstroVit,Цитруллин малат порошок Citrulline для мышц и выносливости,1219,5.0,1
цитруллин,BIOCORD,"L - цитруллин 5000мг. в порции, 200 г",424,5.0,3
цитруллин,NaturalSupp,L-Цитруллин 400 мг,443,4.9,4043
цитруллин,Muscles Design Lab,Цитруллин малат порошок аминокислоты спортивное питание 200г,853,4.8,1608
цитруллин,Myprotein,Citrulline Malate Amino Acid 250 г,1068,4.9,156
цитруллин,maxler,Аминокислота Цитруллин Малат Макслер,1314,4.9,1028
цитруллин,UltraSupps,"Цитруллин малат порошок 200 гр, аминокислоты для спорта",1013,4.9,142
цитруллин,Mister Prot,Цитруллин малат порошок без добавок 400 г,1027,4.9,7914
цитруллин,Ketolifestyle,"KLS ОРНИТИН+ЦИТРУЛЛИН без диоксида титана, 60 капсул",1998,4.9,254
цитруллин,MINDLY,"Цитрулин для повышения выносливости, Citruline",495,4.9,1130
цитруллин,BombBar,"Предтренировочный комплекс в порошке, предтреник, 300г",1163,4.7,541
цитруллин,Spirulinafood,Цитруллин малат порошок 500 гр,780,4.9,56
цитруллин,NaturalSupp,L-Цитруллин 400 мг,542,4.9,779
цитруллин,1WIN,ААКГ комплекс аминокислот цитруллин и аргинин,496,4.9,4866
цитруллин,Trec Nutrition,Цитруллин малат добавка для спорта,1503,5.0,9
цитруллин,IPSUM,"L‑Цитруллин, в капсулах для спорта и тренировок",1358,4.9,303
цитруллин,Do4a Lab,Цитруллин малат 2 1 120 капсул аминокислота,526,4.8,373
цитруллин,PM Organic Nutrition,Цитруллин 1000мг 100г спортивное питание для восстановления,416,4.8,222
цитруллин,Aminofood,Цитруллин малат порошок Citrulline 250г,625,4.8,337
цитруллин,ATLETIC FOOD,"Л-Цитруллин L-Citrulline DL-Malate 2 1 Micronized, 100 г",463,4.8,255
цитруллин,GENETICLAB,Цитрулин 300 гр пампинг,1171,4.7,183
цитруллин,Amino Acids Studio,Цитруллин малат порошок Citrulline 250г,2274,0.0,0
цитруллин,Do4a Lab,Цитруллин малат 2 1 240 капсул аминокислота,877,4.8,373
цитруллин,EnterFit,Цитруллин малат порошок аминокислоты,837,5.0,63
цитруллин,Главный ингредиент,L-Цитруллин DL-Малат 2 1 500 г,922,4.8,72
цитруллин,Natiors,Цитруллин малат порошок 200 гр,445,4.9,66
цитруллин,Just Fit Nutrition,Just Fit Citrulline Цитруллин Малат 200 г банка со вкусом ап…,888,5.0,4
цитруллин,ATLETIC FOOD,"Цитруллин+бета-аланин L-Citrulline & Beta-Alanine, 100 г",525,4.3,100
цитруллин,aTech nutrition,Цитруллин малат со вкусом апельсина 5000 мг,1498,5.0,25
цитруллин,ATLETIC FOOD,"Цитруллин + Аргинин L-Citrulline & L-Arginine, 100 г",789,4.9,121
цитруллин,Olimp Sport Nutrition,Цитруллин малат порошок аминокислоты для спорта l citrulline,2137,4.8,142
цитруллин,Olimp Sport Nutrition,Цитруллин малат порошок аминокислоты для спорта l citrulline,2137,4.8,142
цитруллин,aTech nutrition,Цитруллин малат для роста мышц 180 капсул,824,4.8,286
цитруллин,PROTEIN.COMPANY,Цитруллин малат в капсулах,647,4.9,3880
цитруллин,WATT NUTRITION,"L- Цитруллин DL- Малат Вишня, 100 гр",623,4.8,14
цитруллин,supptrue,L-цитруллин в порошке для восстановления,752,4.9,5015
цитруллин,GLS pharmaceuticals,Цитруллин малат GLS для роста мышц,561,4.9,129
цитруллин,Pure Vita Labs,"Цитруллин PVL Цитруллин голд (малат 2 1), 360 г",2035,5.0,29
цитруллин,NOW,L-цитруллин L-Citrulline Нау Фудс 1200 мг 120 таблеток,3272,4.7,40
цитруллин,aTech nutrition Premium,Цитруллин малат 60 капсул для роста мышц и выносливости,657,4.9,91
цитруллин,Be First,"Цитруллин малат Citrulline Malate 200 г, без вкуса",1483,5.0,9
цитруллин,GENETICLAB,Цитрулин 200 гр Черная смородина пампинг,935,4.9,19
цитруллин,EVLution Nutrition,L-цитруллин 2000 мг 90 веган капсул,837,5.0,8
цитруллин,Just Fit Nutrition,Just Fit Citrulline Цитруллин Малат 200 г банка со вкусом ма…,888,5.0,2
цитруллин,PM Organic Nutrition,Цитруллин L-Citrulline 500мг 90 капсул для пампинга мышц,447,4.8,599
цитруллин,BioPharm,"ACG MIX Комплекс аргинин, глютамин и цитруллин",1940,5.0,3
цитруллин,Fitrule Nutrition,"Фитрул Цитруллин малат 300 г, citrulline malate в порошке",1264,5.0,2
цитруллин,Be First,Цитруллин малат 120 капсул,1053,4.8,56
цитруллин,МегаПротеин,Цитруллин малат порошок лесные ягоды 200г,672,4.9,47
цитруллин,МегаПротеин,Цитруллин малат порошок аминокислоты без вкуса 300г,855,5.0,93
цитруллин,UltraSupps,"Цитруллин малат порошок 200 гр, аминокислоты для спорта",1003,4.9,142
цитруллин,supptrue,Предтренировочный комплекс для набора мыщц и похудения,673,4.6,1574
цитруллин,Binasport,L-Citrulline Malate 300 г со вкусом малины,1067,5.0,32
цитруллин,Smart Power,Цитруллин малат шипучие таблетки со вкусом апельсина 20 шт,557,5.0,57
цитруллин,maxler,L-Цитруллин малат L-Citrulline Malate Caps 750 мг 90 капс,1296,4.8,4
цитруллин,Binasport,"Л-Цитруллин ""L-Citrulline Malate"" 300 г со вкусом вишни",1067,5.0,32
цитруллин,NOW,Arginine 500мг Citrulline 250мг 120 капсул аргинин цитруллин,2037,4.8,10
цитруллин,Kevin Levrone,Левро цитруллин Levro Legendary Citrulline 300 гр,3203,5.0,3
цитруллин,NUTRAWAY,Цитруллин малат 500 мг 90 таблеток,365,4.3,46
цитруллин,OstroVit,Цитруллин малат порошок Citrulline для мышц и выносливости,2033,5.0,4
цитруллин,Olimp Nutrition,Цитруллин малат порошок Citrulline 200г,1871,4.7,3
цитруллин,Health Factor,"Цитруллин + Аргинин, L-Citrulline + L-Arginine 180к",2629,5.0,18
цитруллин,SOLAB,Креатин моногидрат порошок + Л Цитруллин,772,4.9,3662
цитруллин,ATLETIC FOOD,"Л-Цитруллин L-Citrulline DL-Malate 2 1 Micronized, 250 г",947,4.9,99
цитруллин,Компас Здоровья,"L цитруллин малат, цитруллин в капсулах",600,5.0,3
цитруллин,aTech nutrition,"Сухая порошковая смесь ""ЦИТРУЛЛИНА МАЛАТ"" 500гр без вкуса",1498,4.7,13
цитруллин,1WIN,"Креатин моногидрат с L-цитруллином, 30 порций",832,4.9,20278
цитруллин,Trec Nutrition,Citrulline Synergy - Цитруллин Малат,1204,4.6,18
цитруллин,Binasport,"""L-Citrulline Malate"" 300 г с натуральным вкусом",1067,5.0,130
цитруллин,Scitec Nutrition,Цитруллин малат оксид азота Citrulline Malate 90 caps,1628,0.0,0
цитруллин,MOVI,"AAKG Аргинин + Цитруллин в капсулах, 90 капсул",480,4.8,4092
цитруллин,Kevin Levrone,Citrulline Kevin Levron Цитруллин Леврон для Пампа,1829,5.0,1
цитруллин,VITAUCT,Аргинин 7000мг + Цитруллин 1100мг аминокислоты ВИТАУКТ,2157,5.0,7
цитруллин,BioTechUSA,Аминокислота Citrulline Malate 300 г без вкуса,3600,4.9,20
цитруллин,Optimum System,Цитруллин малат аминокислоты 200 грамм,1452,4.9,315
цитруллин,BioTechUSA,Цитруллина малат Citrulline Malate 300 г лайм,3748,5.0,19
цитруллин,NATURI,Набор креатин+цитрулин,924,4.8,347
цитруллин,1WIN,"Креатин моногидрат с L-цитруллином, 30 порций",737,4.9,20278
цитруллин,BioTechUSA,Цитруллин малат порошок Citrulline Malate 100 порций,3106,5.0,31
цитруллин,maxler,Макслер Цитруллин малат L Citrulline Malate в капсулах 750мг,1434,4.9,206
цитруллин,SNT (Swiss Nutrition Technology),Цитруллин малат SNT Citrulline Malate 200 грамм,2766,5.0,1
цитруллин,IMBIAN,Цитруллин 90,551,5.0,3
цитруллин,KultLab,Аминокислоты Цитруллин малат 1260 мг порошок,785,5.0,22
цитруллин,Scitec Nutrition,Цитруллин малат оксид азота Citrulline Malate 90 caps,1524,0.0,0
цитруллин,Binasport,"Л-Цитруллин ""L-Citrulline Malate"" 300 г со вкусом апельсина",1067,5.0,27
цитруллин,TETRALAB,Аминокислоты для спорта L аргинин L цитруллин 60 капсул,948,4.8,491
цитруллин,Just Fit Nutrition,Цитруллин Citrulline 200 грамм,888,5.0,1
цитруллин,aTech nutrition,"Сухая порошковая смесь ""ЦИТРУЛЛИНА МАЛАТ"" 1000гр без вкуса",2758,5.0,3
цитруллин,ATLETIC FOOD,"Л-Цитруллин L-Citrulline DL-Malate, 100 г",473,4.9,60
цитруллин,,L-Цитруллин и L-аргинин DAISO,551,4.7,21
цитруллин,ATLETIC FOOD,"Л-Цитруллин L-Citrulline DL-Malate 2 1, 90 капсул",463,4.6,49
цитруллин,SOLAB,Креатин моногидрат порошок + Л Цитруллин,862,4.9,3662
цитруллин,,Капсулы L-Цитруллин 480 мг с экстрактом свеклы для энергии,238,5.0,2
цитруллин,FitRule,L-цитруллин малат 2500 20x25мл ананас,1354,0.0,0
цитруллин,,"Цитруллин Маллат аминокислота порошок, 200 гр",514,5.0,3
цитруллин,aTech nutrition,Цитруллин малат аминокислота 90 капсул,553,4.8,148
цитруллин,aTech nutrition,Цитруллина малат предтреник порошок 200гр,798,4.8,201
цитруллин,NUTRAWAY,Цитруллин малат 500 мг 90 таблеток,442,4.8,186
цитруллин,UltraSupps,"Цитруллин малат порошок 200 гр, аминокислоты для спорта",1749,4.9,142
цитруллин,Nutricost,"L-цитруллин, 180 капсул (750 мг на капсулу)",3045,0.0,0
цитруллин,SOLAB,Креатин моногидрат порошок + Л Цитруллин,819,4.9,3662
цитруллин,LMVIT,Цитруллин L-citrulline DL-malate 2 1 Powder (пакет) 100 г,355,5.0,2
цитруллин,NUTRITION LAB,Цитруллин малат аминокислоты спортивное питание,422,4.8,1824
цитруллин,aTech nutrition,Цитруллин малат предтреник 60 капсул,468,4.7,37
цитруллин,SOLAB,Креатин моногидрат порошок + Л Цитруллин,836,4.9,3662
цитруллин,BioTechUSA,Аминокислота Цитруллин Citrulline Malate 300гр. яблоко,2725,5.0,5
цитруллин,Be First,"Цитруллин малат Citrulline Malate 300 г, без вкуса",1876,4.6,37
цитруллин,ATLETIC FOOD,"Л-Цитруллин ДЛ-Малат 2 1 L-Citrulline DL-Malate 2 1, 200 г",842,4.8,10
цитруллин,ELEMPIT,Аминокислота L-Citrulline Malate Цитруллин малат Чистый 200…,620,5.0,2
цитруллин,BioTechUSA,Аминокислота Цитруллин Citrulline Malate 300 гр. без вкуса,2670,5.0,4
цитруллин,OstroVit,Цитруллин малат порошок Citrulline для мышц и выносливости,1217,0.0,0
цитруллин,BioTechUSA,"Цитруллин Citrulline Malate 3000 mg 300 г, Зеленое яблоко",2501,5.0,3
цитруллин,IMBIAN,Цитруллин 30,360,4.8,6
цитруллин,ATLETIC FOOD,"Л-Цитруллин L-Citrulline DL-Malate 2 1, 150 капсул",631,4.7,31
цитруллин,2SN,Цитруллина малат в порошке Citrulline malate 300 грамм,909,5.0,2
цитруллин,Steeltime nutrition,"Цитруллин малат порошок, L-Citrulline Malate 250 грамм",1091,5.0,16
цитруллин,Strong System,Цитруллин малат порошок аминокислоты 250г,958,4.8,14
цитруллин,ATLETIC FOOD,L-Citrulline & Beta-Alanine - 2х100 грамм,998,5.0,1
цитруллин,GLS pharmaceuticals,Смесь сухая растворимая «Цитруллин малат GLS»,1038,4.6,35
цитруллин,SPORT TECHNOLOGY NUTRITION,Цитруллин малат аминокислоты спортивное питание 90 капсул,606,5.0,2
цитруллин,Scitec Nutrition,Цитруллин Citrulline Malate 3000 mg 90 капсул,1430,0.0,0
цитруллин,Kevin Levrone,Аминокислота Цитруллин малат (Anabolic citrulline malate),2860,5.0,1
цитруллин,BioTechUSA,Цитруллин Citrulline Malate 2200 mg 90 капсул,1758,0.0,0
цитруллин,JUSTMUST,Цитруллин малат порошок,582,5.0,1
цитруллин,BombBar,Аминокислота Л-цитруллин 165 гр Цитрусовый микс,900,5.0,2
цитруллин,МегаПротеин,Цитруллин малат порошок без вкуса 150г,472,5.0,107
цитруллин,Scitec Nutrition,"Цитруллин малат аминокислоты спортивное питание, 90 капсул",1580,5.0,1
цитруллин,LMVIT,Цитруллин L-citrulline DL-malate 2 1 Powder (пакет) 300 г,914,5.0,2
цитруллин,FitRule,L-цитруллин малат 2500 20x25мл Малина,1325,5.0,3
цитруллин,VITAUCT,Аргинин 7000мг + Цитруллин 1100мг аминокислоты ВИТАУКТ,2095,4.7,15
цитруллин,aTech nutrition,Цитруллин малат 90 + 90 капсул Набор 1 + 1,947,4.8,175
цитруллин,ONE NUTRITION,Цитруллин малат для роста мышц и иммунитета 120 капсул,857,5.0,6
цитруллин,FitRule,L-цитруллин малат 2500 20x25мл яблоко,1354,5.0,1
цитруллин,supptrue,Предтренировочный комплекс в порошке для выносливости,673,4.6,1574
цитруллин,Аклен,Цитруллин форте,309,4.4,22
цитруллин,ATLETIC FOOD,L-Citrulline & Beta-Alanine - 3х100 грамм,1419,0.0,0
цитруллин,MOVI,"Цитруллин малат 5000 мг порошок Аминокислота, 35 порций",984,4.8,4092
цитруллин,Binasport,L-Citrulline Malate 300 г со вкусом яблока,1067,4.8,12
цитруллин,ATLETIC FOOD,"L-Citrulline & Beta-Alanine, 100 г",536,4.5,19
цитруллин,2SN,20 шт Цитруллин малат пампинг 2500 mg 25 ml мохито,1732,0.0,0
цитруллин,NRG PREMIUM NUTRITION,Цитруллин - Аминокислота для энергии и выносливости,457,4.0,1
цитруллин,CULT Sport Nutrition,"Цитруллин Citrulline Malate Powder, 200 г",1199,4.7,3
цитруллин,Binasport,"Л-Цитруллин малат ""L-Citrulline Malate"" 500 мг 120 капс",620,5.0,110
цитруллин,Trec Nutrition,"Цитруллин и Аргинин AAKG Mega Hardcore, 120 caps",1350,4.9,24
цитруллин,,"Цитруллин аминокислота, витамин а и е 1000 мг, 240 таблеток",4735,5.0,1
цитруллин,,"Цитруллин малат Citrulline Malate,90 капс",2048,0.0,0
цитруллин,BioPharm,"Citrulline malate Аминокислота Цитруллин малат 250г, 5000 мг",1871,0.0,0
цитруллин,BioPharm,"ACG MIX Комплекс аргинин, цитруллин и глютамин",2650,4.8,54
цитруллин,Strong System,Цитруллин малат порошок аминокислоты 500г,1893,4.7,15
цитруллин,50 BMG,Бета-Аланин+Л-Цитруллин по выгодной цене,1406,0.0,0
цитруллин,ATLETIC FOOD,"Л-Цитруллин L-Citrulline DL-Malate, 90 капс",473,4.6,89
цитруллин,YLP,Цитруллин малат порошок 300 гр Юлп,1940,4.8,142
цитруллин,МегаПротеин,Цитруллин малат порошок без вкуса 200г,623,4.9,21
цитруллин,Just Fit Nutrition,"Just Fit Just L-Citrulline 200 грамм, Цитруллина малат в пор",888,5.0,3
цитруллин,МегаПротеин,Цитруллин малат порошок со вкусом яблока 200г,672,4.8,28
цитруллин,SIBERIAN NUTROGUNZ,"Предтренировочный комплекс без кофеина, дыня, 150 г",769,4.4,75
цитруллин,FitRule,"L-цитруллин 2500 микс шот 3x25мл Анан, яблок, малина",289,5.0,2
цитруллин,Olimp Sport Nutrition,Цитруллин малат порошок Plump Sport Nutrition 250г Лимон,2012,4.7,7
цитруллин,YLP,Цитруллин малат L Citrulline Malate порошок,1559,5.0,1
цитруллин,ATLETIC FOOD,"Л-Цитруллин L-Citrulline DL-Malate, 150 капс",643,4.9,48
цитруллин,Be First,Цитруллин малат в капсулах Citrulline malate 120 капс,871,4.8,442
цитруллин,Olimp Sport Nutrition,"Цитруллин малат порошок, Citrulline malate, 200 г",2598,0.0,0
цитруллин,Naturalsphere,Цитруллин 400 мг,951,4.6,48
цитруллин,BioTechUSA,Цитруллин малат порошок Citrulline Malate 93 порции,3106,4.7,19
цитруллин,IMBIAN,Цитруллин 60,469,5.0,4
цитруллин,МегаПротеин,Цитруллин малат порошок апельсин 200г,672,4.6,22
цитруллин,,L-Цитруллин DL-малат без добавок пакет 500г,888,5.0,1
цитруллин,GLS,L-цитруллин 500 мг 90 капсул для сердца - 1 уп,700,4.9,8
цитруллин,NOW,Arginine Citrulline Аргинин 500 мг Цитрулин 250 мг Нау,2384,4.7,40
цитруллин,Be Steel Nutrition,Цитруллин порошок Citrulline Powder 200г,1361,5.0,6
цитруллин,Geneticlab Nutrition,"Цитруллин малат порошок, Citrulline Powder 300 грамм",1268,5.0,16
цитруллин,7NUTRITION,Спортивные добавки цитруллин малат 250 гр 100 порций,2060,5.0,2
цитруллин,Optimum System,"цитрулин малат, L-Citrulline Malate 200 гр",1524,5.0,3
цитруллин,Natural Time,Цитруллин порошок 150г с ложкой,1311,0.0,0
цитруллин,ATLETIC FOOD,"Цитруллин + Арги L-Citrulline L-Arginine, 100 г",804,4.9,9
цитруллин,Be First,BF Аминокислота Цитрулин малат в порошке 300 г Нейтральный,2071,4.6,13
цитруллин,SportLine Nutrition,Цитруллин малат порошок 250 г без вкуса,1055,5.0,7
цитруллин,MetaJoy,Предтренировочный комплекс в порошке энергетик бабл гам,1389,4.6,43
цитруллин,ATLETIC FOOD,"Л-Цитруллин L-Citrulline DL-Malate, 250 г",965,4.8,12
цитруллин,2SN,20 шт Цитруллин малат пампинг 2500 mg 25 ml апельсин,1732,5.0,1
цитруллин,Just Fit Nutrition,Just Fit Citrulline L-Цитруллин Малат 500 г банка со вкусом…,1725,5.0,2
цитруллин,Be First,"цитрулин в капсулах, citrulline malate",935,4.9,72
цитруллин,Scitec Nutrition,"Citrulline Malate Цитруллин, аминокислота, 90 капсул",1580,4.0,2
цитруллин,BombBar,Аминокислота Л-цитруллин 165 гр Яблоко,1108,5.0,2
цитруллин,Be First,BF Цитруллин малат в капсулах Citrulline malate 120 капсул,1006,5.0,4
цитруллин,GO Nutrition,"Цитруллин малат порошок (citrulline) 200гр, 40 порций",1247,5.0,3
цитруллин,BombBar,Аминокислота Л-цитруллин 165 гр Яблоко,1108,5.0,8
цитруллин,Jarrow Formulas,БАД Л-Аргинин Цитрулин Сустаин Arginine-Citrulline 120 таб,4773,5.0,1
цитруллин,LMVIT,Цитруллин L-citrulline DL-malate 2 1 Powder 250 г. - Цитрус,923,0.0,0
цитруллин,GLS,L-цитруллин капсулы №90 -1шт,738,5.0,5
цитруллин,FitRule,L-цитруллин малат шот 3x25мл 2500 Малина,292,0.0,0
цитруллин,FitRule,L-цитруллин малат шот 3x25мл 2500 Ананас,273,4.0,1
цитруллин,Strimex,"Цитруллин малат Стримекс, Citrulline Malate, 90 капсул",1481,5.0,1
цитруллин,GLS,l-цитруллин n90 капс по 320мг-1шт,703,0.0,0
цитруллин,FitRule,L-цитруллин малат шот 3x25мл 2500 яблоко,295,0.0,0
цитруллин,Kevin Levrone,L-CITRULLINE MALATE YLP Л-Цитруллин малат порошковый 50порци…,1808,5.0,4
цитруллин,2SN,Предтренировочный комплекс цитруллин бета аланин aakg 200г,1486,4.9,10
цитруллин,ATLETIC FOOD,"Цитруллин+бета-аланин L-Citrulline & Beta-Alanine, 100 г",640,0.0,0
цитруллин,Health Factor,"Цитруллин 250мг + Аргинин 500мг, 180 капсул",2578,4.7,7
цитруллин,Strimex,Цитруллин Citrulline Malate (90 капс),1879,3.4,5
цитруллин,Binasport,L-Citrulline Malate 300 г со вкусом лимона,1067,5.0,10
цитруллин,SNT,Citrulline Malate Цитруллин Малат 200 г,2766,0.0,0
цитруллин,GLS,L-Цитруллин 2 шт,1213,5.0,2
цитруллин,Be First,Цитруллин Малат порошок Citrulline Malate 200 г,1352,4.9,70
цитруллин,Just Fit Nutrition,"Just Fit Just L-Citrulline 200 грамм, Цитруллина малат в пор",888,5.0,1
цитруллин,OLIMP,CITRULLINE MALATE (ЦИТРУЛЛИН МАЛАТ) 200 ГР,2314,3.9,8
цитруллин,Be First,Цитруллин Малат порошок Citrulline Malate 300 г,1734,4.9,70
цитруллин,2SN,20 шт Цитруллин малат пампинг 2500 mg 25 ml ягоды,1732,0.0,0
цитруллин,STEELPOWER,bcaa порошок аминокислота 2 1 1 бцаа amino,1237,4.9,216
цитруллин,YLP,L-CITRULLINE MALATE Л-Цитруллин малат,1995,0.0,0
цитруллин,SportLine Nutrition,Аминокислоты комплекс в шотах,2751,5.0,4
цитруллин,STEELPOWER,bcaa порошок аминокислота 2 1 1 бцаа amino,1237,4.9,216
цитруллин,STEELPOWER,bcaa порошок аминокислота 2 1 1 бцаа amino,1237,4.9,216
цитруллин,BioPharm,"ACG MIX Комплекс аргинин, цитруллин и глютамин",2271,4.8,142
цитруллин,BioPharm,"ACG MIX Комплекс аргинин, цитруллин и глютамин",2655,0.0,0
цитруллин,Just Fit Nutrition,"Just Fit Just L-Citrulline 500 грамм, вкус Лесные ягоды",1725,5.0,1
цитруллин,NOW FOODS / NOW,Arginine Citrulline NOW Аргинин 500мг Цитруллин 250мг,2002,0.0,0
цитруллин,Naturalsphere,Цитруллин 400 мг,963,4.8,38
цитруллин,2SN,Предтренировочный комплекс цитруллин бета аланин aakg 200г,1486,4.4,5
цитруллин,ATLETIC FOOD,"Л-Цитруллин ДЛ-Малат 2 1 L-Citrulline DL-Malate 2 1, 200 г",858,5.0,7
цитруллин,Just Fit Nutrition,"Just Fit L-Citrulline, порошок без вкуса, 200 грамм",888,1.0,1
цитруллин,Just Fit Nutrition,Just Fit Citrulline L-Цитруллин Малат 500 г банка со вкусом…,1725,0.0,0
цитруллин,SIBERIAN NUTROGUNZ,"L Цитруллин малат в капсулах 90, аминокислоты",831,3.7,3
цитруллин,maxler,L-Citrulline Malate 750 mg 90 vcaps,1677,4.6,11
цитруллин,,Цитруллин малат порошок Citrulline Malate 300 гр без вкуса,3819,5.0,1
цитруллин,,Предтренировочный комплекс порошок Endurance Pre Workout,2080,5.0,1
цитруллин,Nutripower,"L-цитруллин малат, порошок 300 гр",823,0.0,0
цитруллин,Nutriversum,"Citrulline 200 грамм, цитруллин",2745,0.0,0
цитруллин,BioPharm,"ACG MIX Комплекс аргинин, цитруллин и глютамин",2183,5.0,5
цитруллин,МегаПротеин,Цитруллин малат порошок со вкусом лесных ягод 400г,1083,4.7,15
цитруллин,,Ультрасаппс Ультра Голд Цитруллин Ultrasupps Ultra Gold Citr…,1479,0.0,0
цитруллин,NUTREND,Предтренировочный комплекс N1 17 г,334,0.0,0
цитруллин,GLS pharmaceuticals,Смесь сухая растворимая «Цитруллин малат GLS»,1039,0.0,0
цитруллин,,Цитруллин 90 капс по 600 мг,1105,0.0,0
цитруллин,Myprotein,Citrulline Malate 250 гр Цитруллин,1787,0.0,0
цитруллин,SNT (Swiss Nutrition Technology),Цитруллин малат SNT Citrulline Malate 507 грамм,5184,0.0,0
цитруллин,Be First,BF Цитруллин малат в капсулах Citrulline malate 120 капсул,1003,4.9,18
