Бренд,Название,Цена (руб),Рейтинг,Кол-во отзывов
PWR ultimate power,Креатин моногидрат порошок creatine 300 г,614,4.9,76792
BIGSNT,Креатин моногидрат порошок,559,4.8,24202
Prime Kraft,"Креатин моногидрат Creatine Monohydrate, без вкуса 200 гр",527,4.9,41911
BIOVIN,"Креатин моногидрат порошок 300г,бад,creatine monohydrate",363,4.9,102215
BIOVIN,"Креатин моногидрат порошок, спортивное питание creatine 300г",575,4.9,102215
DER BAUM IST GOLDEN,Креатин моногидрат порошок,1391,4.9,18112
PWR ultimate power,Креатин моногидрат порошок 300г creatine,684,4.9,76792
BIGSNT,Креатин моногидрат порошок,344,4.7,44326
HealthIs,Креатин моногидрат порошок микронизированный creatine,553,4.9,584881
BIGSNT,Креатин моногидрат порошок,299,4.7,44326
PWR ultimate power,Креатин моногидрат порошок 300г creatine,778,4.9,76792
1WIN,"Креатин моногидрат чистый микронизированный, набор",1029,4.9,20267
Do4a Lab,"Креатин моногидрат порошок Creatine, без вкуса, 450 г",569,4.8,42223
Prime Kraft,"Креатин моногидрат микронизированный, фруктовый пунш 200 гр",583,4.8,4399
Prime Kraft,"Креатин Creatine Monohydrate, Вишня 200 гр",608,4.9,11700
Prime Kraft,"Креатин Creatine Monohydrate, Энергетик 200 гр",615,4.8,4574
PWR ultimate power,Креатин моногидрат порошок 300г creatine,692,4.9,76792
Prime Kraft,"Креатин Creatine Monohydrate, Цитрусовый микс 200 гр",608,4.9,7104
Richway,Креатин моногидрат порошок микронизированный,262,4.8,673
Миофарм,"Креатин моногидрат порошок 1 кг, микронизированный сreatine",1185,4.8,10738
vitmins,"Креатин моногидрат порошок creatine 300 г, апельсин",293,4.9,4892
Prime Kraft,"Креатин Creatine Monohydrate, Кола 200 гр",652,4.8,3420
1WIN,"Креатин моногидрат чистый микронизированный, без добавок",241,4.8,23885
1WIN,Креатин 60 порций моногидрат чистый микронизированный порошо…,882,4.9,20267
HealthIs,Креатин моногидрат со вкусом клубники порошок микронизирован…,584,4.9,85395
maxler,Макслер 100% Голден Креатин Maxler 100% Golden Creatine поро…,1347,5.0,1
BIOVIN,"Спортпитание Креатин моногидрат порошок 300г,creatine",342,4.9,102215
Миофарм,"Креатин моногидрат порошок 300 г, микронизированный сreatine",451,4.8,10738
Миофарм,"Креатин моногидрат порошок 750 г, микронизированный сreatine",854,4.8,10738
PWR ultimate power,Креатин моногидрат в капсулах,567,4.9,76792
BIOVIN,"Креатин моногидрат порошок 300г,бад,creatine monohydrate",363,4.9,102215
BIOVIN,"Креатин в порошке 300 гр, с таурином",363,4.9,102215
PWR ultimate power,Креатин моногидрат порошок 1 кг creatine,1864,4.9,76792
VitaMeal,Креатин моногидрат Creatine порошок,1167,4.9,30645
SOLAB,Креатин моногидрат порошок 60 порций,893,4.9,3660
1WIN,Спеццена 1+1 креатин моногидрат количество ограничено. Дата…,491,4.9,20267
vitmins,Креатин моногидрат порошок creatine 300 г,361,4.9,4892
BIGSNT,Креатин моногидрат мармелад,1312,4.7,44326
Do4a Lab,"Креатин моногидрат порошок Creatine, без вкуса, 900 г",1001,4.8,42223
Do4a Lab,"Креатин моногидрат порошок Creatine, без вкуса, 200 г",423,4.8,42223
1WIN,"Креатин моногидрат чистый микронизированный, без добавок",536,4.9,20267
SOLAB,Креатин моногидрат порошок,566,4.9,13421
SOLAB,Креатин моногидрат набор из 3 шт,1335,4.9,3660
BIGSNT,Креатин моногидрат порошок,736,4.8,24202
1WIN,Спеццена 1+1 креатин моногидрат только 5 дней. Дата изготовл…,583,4.8,23885
VitaMeal,Креатин моногидрат порошок Creatine,661,4.9,30645
Optimum System,Креатин моногидрат порошок Creatine спортивное питание 300гр,1634,4.9,315
BIOVIN,Креатин моногидрат порошок 150 грамм creatine monohydrate,209,4.9,102215
BIOVIN,"Креатин моногидрат в порошке, creatine monohydrate,150 грамм",244,4.9,102215
BIOVIN,"Креатин в порошке 300 грамм, вкус колы",363,4.9,102215
1WIN,"Креатин моногидрат чистый микронизированный, 90 порций 600гр",1165,4.8,23885
BIOVIN,"Креатин в порошке 300 грамм, вкус клубника",363,4.9,102215
,"Макслер Креатин 1000 Maxler Creatine 1000 капсулы по 1,01 г…",1724,0.0,0
BIOVIN,"Креатин моногидрат 300 грамм, creatine monohydrate спортпит",363,4.9,102215
SOLAB,Креатин моногидрат порошок 60 порций,941,4.9,13421
VitaMeal,Креатин моногидрат Creatine порошок,708,4.9,30645
Sunshine Nutrition,Креатин моногидрат порошок Creatine,386,5.0,206
Prime Kraft,"Креатин Creatine Monohydrate, Ананас 200 гр",608,4.9,14109
Reckful,Креатин Комплекс Tri-Creatine,2464,4.9,1329
BioPharm,Креатин моногидрат порошок creatine 5000,1965,4.9,35
BIOCORD,Креатин Моногидрат со вкусом апельсина 300г,339,4.8,265
VitaMeal,Креатин моногидрат Creatine порошок,708,4.9,30645
SOLAB,3 шт Креатин моногидрат порошок без вкуса,1193,4.9,3660
SOLAB,Креатин моногидрат порошок 40 порций без вкуса,506,4.9,3660
maxler,Макслер Микронизированный Креатин Моногидрат 200 капсул,2812,4.9,155
SOLAB,Креатин моногидрат порошок без вкуса,519,4.9,3660
Soul Way,Креатин моногидрат порошок черника 300 гр,441,4.7,35
Be First,Микронизированный креатин моногидрат порошок 300 грамм,1666,4.9,79
1WIN,Креатин моногидрат микронизированный порошок,987,4.8,23885
Be First,Креатин моногидрат в капсулах Creatine Спортивное питание,1051,4.9,240
Be First,Микронизированный креатин моногидрат вкус яблоко 300 грамм,1706,5.0,29
BIGSNT,Креатин моногидрат порошок,466,4.7,44326
SIBERIAN NUTROGUNZ,"Креатин моногидрат, 450г",864,4.9,24
GraceBioQ,Креатин моногидрат капсулы,398,4.9,28879
GreenSanTe,Креатин моногидрат GST 300гр Малина,873,4.8,4866
Reckful,Креатин моногидрат порошок без вкуса Creatine Monohydrate,1227,4.9,1338
Reckful,Креатин моногидрат порошок со вкусом Creatine Monohydrate,1227,4.9,1184
YM naturally,Креатин моногидрат в капсулах 3000 мг,772,4.9,163
Mister Prot,Креатин моногидрат порошок без вкуса 500 гр,813,4.9,1180
Biolab,Креатин моногидрат порошок creatine 200 г,361,4.8,147
BIOVIN,"Спортпитание Креатин моногидрат порошок 700г,creatine",826,4.9,102215
VitaMeal,Креатин моногидрат Creatine порошок,708,4.9,30645
Kevin Levrone,Креатин моногидрат Gold Creatine 300gr грамм,1676,4.9,161
aTech nutrition,Креатин Моногидрат порошок 180гр Creatine 5000 мг,562,4.8,1585
Creatins Gear,Креатин моногидрат,2692,0.0,0
R-line,Креатин моногидрат порошок в капсулах creatine 200 шт,813,4.8,3101
Kevin Levrone,Креатин моногидрат Levro Mono Кевин Леврон 300 г 60 порций,1688,4.8,510
R-line,"Креатин моногидрат RLine, 200 г, порошок",786,4.7,1030
LeafToGo,Креатин моногидрат порошок creatine 280г,552,4.9,828
VitaMeal,Креатин моногидрат Creatine порошок,708,4.9,30645
Dorian Yates Nutrition,Креатин моногидрат DY Nutrition Dorian Yates 150 г 30 порций,1281,4.8,510
Optimum Nutrition,Креатин моногидрат 2500 мг 200 капсул Monohydrate Creatine,1572,0.0,0
YM naturally,Креатин моногидрат 3000 мг 120 капсул,735,4.9,318
TRIPLE H,Креатин моногидрат порошок Трипл Н,2200,4.9,60
VitaMeal,Креатин Creatine bcaa капсулы комплекс,1040,4.9,58688
KultLab,"Креатин моногидрат порошок, creatine monohydrate",895,4.8,18
Be First,Микронизированный креатин моногидрат порошок 200 грамм,1294,4.7,28
VIS MEDICUS,Креатин моногидрат предтренировочный,776,5.0,14
,Креатин гейнер для набора массы,778,5.0,103
NOW,"Creatine Monohydrate (креатин моногидрат), 120 капсул",1754,5.0,39
